"","Country","Happiness_score","GDP_per_capita","Social_support","Healthy_life_expectancy","Freedom_to_make_life_choices","Generosity","Perceptions_of_corruption","continent","year"
"153","Afghanistan","3.36","0.38226565700000004","0.11036849800000001","0.173436046","0.164304629","0.31267982699999997","0.071116321","Asia","2016"
"140","Afghanistan","3.7939999999999996","0.401","0.5820000000000001","0.18100000000000002","0.106","0.312","0.061","Asia","2017"
"144","Afghanistan","3.6319999999999997","0.332","0.537","0.255","0.085","0.191","0.036000000000000004","Asia","2018"
"153","Afghanistan","3.2030000000000003","0.35","0.517","0.361","0.0","0.158","0.025","Asia","2019"
"108","Albania","4.655","0.955302894","0.501627386","0.730069757","0.318660259","0.168395013","0.053009737","Europe","2016"
"108","Albania","4.644","0.996","0.804","0.731","0.381","0.201","0.04","Europe","2017"
"111","Albania","4.586","0.9159999999999999","0.8170000000000001","0.79","0.419","0.149","0.032","Europe","2018"
"106","Albania","4.718999999999999","0.9470000000000001","0.848","0.8740000000000001","0.38299999999999995","0.17800000000000002","0.027000000000000003","Europe","2019"
"37","Algeria","6.355","1.052660227","0.83308512","0.618043005","0.21005684100000002","0.070441589","0.16156989300000002","Africa","2016"
"52","Algeria","5.872000000000001","1.092","1.146","0.618","0.233","0.069","0.146","Africa","2017"
"83","Algeria","5.295","0.9790000000000001","1.1540000000000001","0.687","0.077","0.055","0.135","Africa","2018"
"87","Algeria","5.211","1.002","1.16","0.785","0.086","0.073","0.114","Africa","2019"
"25","Argentina","6.65","1.15136528","1.06612432","0.697112739","0.422835112","0.109889276","0.072960153","Americas","2016"
"23","Argentina","6.599","1.185","1.44","0.695","0.495","0.109","0.06","Americas","2017"
"28","Argentina","6.388","1.073","1.4680000000000002","0.7440000000000001","0.57","0.062","0.054000000000000006","Americas","2018"
"46","Argentina","6.086","1.092","1.432","0.8809999999999999","0.47100000000000003","0.066","0.05","Americas","2019"
"120","Armenia","4.36","0.860859156","0.6247681979999999","0.640833914","0.14037241","0.077928573","0.036157167999999996","Asia","2016"
"120","Armenia","4.376","0.9009999999999999","1.0070000000000001","0.638","0.198","0.083","0.027000000000000003","Asia","2017"
"128","Armenia","4.321000000000001","0.816","0.99","0.6659999999999999","0.26","0.077","0.027999999999999997","Asia","2018"
"115","Armenia","4.559","0.85","1.055","0.815","0.28300000000000003","0.095","0.064","Asia","2019"
"8","Australia","7.313","1.4444261790000001","1.104755282","0.851203442","0.568365872","0.474068999","0.323306561","Oceania","2016"
"9","Australia","7.284","1.484","1.51","0.8440000000000001","0.602","0.478","0.301","Oceania","2017"
"9","Australia","7.272","1.34","1.5730000000000002","0.91","0.647","0.361","0.302","Oceania","2018"
"10","Australia","7.228","1.3719999999999999","1.548","1.036","0.557","0.332","0.29","Oceania","2019"
"11","Austria","7.119","1.450382471","1.083832502","0.8056452270000001","0.543551922","0.328647077","0.21348357199999998","Europe","2016"
"12","Austria","7.006","1.4869999999999999","1.46","0.815","0.568","0.316","0.221","Europe","2017"
"11","Austria","7.138999999999999","1.341","1.504","0.8909999999999999","0.617","0.242","0.22399999999999998","Europe","2018"
"9","Austria","7.246","1.376","1.475","1.016","0.532","0.244","0.226","Europe","2019"
"80","Azerbaijan","5.291","1.123732328","0.76042366","0.545036376","0.353265971","0.056396302","0.179136723","Asia","2016"
"84","Azerbaijan","5.234","1.1540000000000001","1.1520000000000001","0.541","0.39799999999999996","0.045","0.18100000000000002","Asia","2017"
"86","Azerbaijan","5.2010000000000005","1.024","1.161","0.603","0.43","0.031","0.17600000000000002","Asia","2018"
"89","Azerbaijan","5.207999999999999","1.043","1.147","0.769","0.35100000000000003","0.035","0.182","Asia","2019"
"41","Bahrain","6.218","1.440244079","0.94396764","0.656957924","0.473753095","0.17147003100000002","0.25772145399999996","Asia","2016"
"40","Bahrain","6.087000000000001","1.4880000000000002","1.3230000000000002","0.653","0.537","0.17300000000000001","0.257","Asia","2017"
"42","Bahrain","6.105","1.338","1.3659999999999999","0.698","0.594","0.243","0.12300000000000001","Asia","2018"
"36","Bahrain","6.199","1.3619999999999999","1.368","0.871","0.536","0.255","0.11","Asia","2019"
"109","Bangladesh","4.643","0.541766882","0.247490913","0.529888511","0.39777520299999997","0.19132438300000001","0.12583366","Asia","2016"
"109","Bangladesh","4.6080000000000005","0.5870000000000001","0.735","0.5329999999999999","0.478","0.172","0.124","Asia","2017"
"114","Bangladesh","4.5","0.532","0.85","0.579","0.58","0.153","0.14400000000000002","Asia","2018"
"124","Bangladesh","4.456","0.562","0.9279999999999999","0.723","0.527","0.166","0.14300000000000002","Asia","2019"
"60","Belarus","5.8020000000000005","1.130622387","1.049929738","0.6310362820000001","0.290910363","0.13941879599999998","0.174569637","Europe","2016"
"66","Belarus","5.569","1.157","1.445","0.638","0.295","0.155","0.156","Europe","2017"
"72","Belarus","5.483","1.0390000000000001","1.4980000000000002","0.7","0.307","0.10099999999999999","0.154","Europe","2018"
"80","Belarus","5.3229999999999995","1.067","1.465","0.789","0.235","0.094","0.142","Europe","2019"
"17","Belgium","6.928999999999999","1.4253904819999998","1.052487135","0.819593668","0.513537586","0.242399335","0.26247578899999996","Europe","2016"
"16","Belgium","6.891","1.464","1.462","0.818","0.54","0.23199999999999998","0.251","Europe","2017"
"15","Belgium","6.9270000000000005","1.324","1.483","0.894","0.583","0.188","0.24","Europe","2018"
"17","Belgium","6.922999999999999","1.3559999999999999","1.504","0.986","0.473","0.16","0.21","Europe","2019"
"152","Benin","3.484","0.39499226200000004","0.104188949","0.21028366699999998","0.397465467","0.20180082300000002","0.066805065","Africa","2016"
"142","Benin","3.657","0.431","0.435","0.21","0.426","0.20800000000000002","0.061","Africa","2017"
"135","Benin","4.141","0.37799999999999995","0.37200000000000005","0.24","0.44","0.163","0.067","Africa","2018"
"101","Benin","4.883","0.39299999999999996","0.43700000000000006","0.397","0.349","0.175","0.08199999999999999","Africa","2019"
"83","Bhutan","5.196000000000001","0.85269922","0.908361614","0.49759170399999997","0.46073859899999997","0.485455036","0.161598593","Asia","2016"
"96","Bhutan","5.011","0.885","1.34","0.496","0.502","0.474","0.17300000000000001","Asia","2017"
"96","Bhutan","5.082","0.7959999999999999","1.335","0.527","0.541","0.364","0.171","Asia","2018"
"94","Bhutan","5.082","0.813","1.321","0.604","0.457","0.37","0.16699999999999998","Asia","2019"
"58","Bolivia","5.822","0.79421556","0.837788463","0.469702065","0.509607852","0.21697840100000002","0.077457048","Americas","2016"
"57","Bolivia","5.8229999999999995","0.8340000000000001","1.228","0.474","0.5589999999999999","0.226","0.06","Americas","2017"
"61","Bolivia","5.752000000000001","0.7509999999999999","1.2229999999999999","0.508","0.606","0.141","0.054000000000000006","Americas","2018"
"60","Bolivia","5.779","0.7759999999999999","1.209","0.706","0.511","0.13699999999999998","0.064","Americas","2019"
"86","Bosnia and Herzegovina","5.162999999999999","0.93382591","0.643669307","0.707662225","0.09511335900000001","0.298890561","0.0","Europe","2016"
"89","Bosnia and Herzegovina","5.182","0.982","1.069","0.705","0.204","0.32899999999999996","0.0","Europe","2017"
"92","Bosnia and Herzegovina","5.129","0.915","1.078","0.758","0.28","0.21600000000000003","0.0","Europe","2018"
"77","Bosnia and Herzegovina","5.386","0.945","1.212","0.845","0.212","0.263","0.006","Europe","2019"
"136","Botswana","3.9739999999999998","1.094257355","0.891864955","0.347515285","0.440892041","0.12425172300000001","0.10769476","Africa","2016"
"141","Botswana","3.766","1.122","1.222","0.342","0.505","0.099","0.099","Africa","2017"
"145","Botswana","3.59","1.0170000000000001","1.1740000000000002","0.41700000000000004","0.557","0.042","0.092","Africa","2018"
"147","Botswana","3.488","1.041","1.145","0.5379999999999999","0.455","0.025","0.1","Africa","2019"
"16","Brazil","6.952000000000001","1.08754158","1.0393776890000002","0.61415261","0.404254824","0.157763064","0.14165894699999998","Americas","2016"
"21","Brazil","6.635","1.107","1.431","0.617","0.43700000000000006","0.162","0.111","Americas","2017"
"27","Brazil","6.419","0.986","1.474","0.675","0.493","0.11","0.08800000000000001","Americas","2018"
"31","Brazil","6.3","1.004","1.439","0.802","0.39","0.099","0.086","Americas","2019"
"128","Bulgaria","4.217","1.113064647","0.925417423","0.67805624","0.212191105","0.127929702","0.00615381","Europe","2016"
"104","Bulgaria","4.7139999999999995","1.161","1.4340000000000002","0.708","0.289","0.113","0.011000000000000001","Europe","2017"
"99","Bulgaria","4.933","1.054","1.515","0.7120000000000001","0.359","0.064","0.009000000000000001","Europe","2018"
"96","Bulgaria","5.011","1.092","1.5130000000000001","0.815","0.311","0.081","0.004","Europe","2019"
"144","Burkina Faso","3.739","0.31995201100000004","0.630537152","0.212966383","0.33369737899999996","0.243525133","0.125326842","Africa","2016"
"133","Burkina Faso","4.032","0.35","1.043","0.21600000000000003","0.324","0.251","0.12","Africa","2017"
"120","Burkina Faso","4.4239999999999995","0.314","1.097","0.254","0.312","0.175","0.128","Africa","2018"
"114","Burkina Faso","4.587","0.331","1.056","0.38","0.255","0.177","0.113","Africa","2019"
"156","Burundi","2.905","0.068309732","0.23442444199999998","0.157467261","0.04320135","0.202902168","0.09418750599999999","Africa","2016"
"153","Burundi","2.905","0.092","0.63","0.152","0.06","0.204","0.084","Africa","2017"
"155","Burundi","2.905","0.091","0.627","0.145","0.065","0.149","0.076","Africa","2018"
"144","Burundi","3.775","0.046","0.447","0.38","0.22","0.17600000000000002","0.18","Africa","2019"
"139","Cambodia","3.907","0.556039333","0.537498176","0.42494422200000004","0.588519156","0.403388411","0.08092289400000001","Asia","2016"
"128","Cambodia","4.168","0.602","1.006","0.43","0.633","0.386","0.068","Asia","2017"
"119","Cambodia","4.433","0.5489999999999999","1.088","0.457","0.696","0.256","0.065","Asia","2018"
"108","Cambodia","4.7","0.574","1.122","0.637","0.609","0.23199999999999998","0.062","Asia","2019"
"113","Cameroon","4.513","0.524972677","0.62541908","0.126975924","0.427361518","0.226795286","0.061263487","Africa","2016"
"106","Cameroon","4.695","0.564","0.946","0.133","0.43","0.23600000000000002","0.051","Africa","2017"
"98","Cameroon","4.975","0.535","0.8909999999999999","0.182","0.45399999999999996","0.183","0.043","Africa","2018"
"95","Cameroon","5.044","0.5489999999999999","0.91","0.331","0.381","0.187","0.037000000000000005","Africa","2019"
"5","Canada","7.404","1.4401477580000002","1.096098185","0.827603579","0.57370019","0.44834137","0.313291997","Americas","2016"
"6","Canada","7.316","1.479","1.4809999999999999","0.835","0.611","0.436","0.287","Americas","2017"
"6","Canada","7.327999999999999","1.33","1.5319999999999998","0.8959999999999999","0.653","0.321","0.29100000000000004","Americas","2018"
"8","Canada","7.278","1.365","1.505","1.0390000000000001","0.584","0.285","0.308","Americas","2019"
"143","Chad","3.763","0.42214193899999997","0.6317756179999999","0.038235091","0.128071576","0.186667085","0.049524732","Africa","2016"
"136","Chad","3.9360000000000004","0.43799999999999994","0.9540000000000001","0.040999999999999995","0.162","0.21600000000000003","0.054000000000000006","Africa","2017"
"130","Chad","4.301","0.358","0.907","0.053","0.18899999999999997","0.18100000000000002","0.06","Africa","2018"
"131","Chad","4.35","0.35","0.7659999999999999","0.192","0.174","0.198","0.078","Africa","2019"
"23","Chile","6.705","1.2166962620000001","0.905871034","0.818833172","0.377893388","0.315953463","0.11450775699999999","Americas","2016"
"19","Chile","6.652","1.253","1.284","0.8190000000000001","0.377","0.327","0.08199999999999999","Americas","2017"
"24","Chile","6.476","1.131","1.331","0.8079999999999999","0.431","0.19699999999999998","0.061","Americas","2018"
"25","Chile","6.444","1.159","1.369","0.92","0.35700000000000004","0.187","0.055999999999999994","Americas","2019"
"82","China","5.245","1.027797103","0.7938081029999999","0.735614955","0.44012358799999995","0.049588207","0.027451765","Asia","2016"
"78","China","5.273","1.081","1.161","0.741","0.473","0.028999999999999998","0.023","Asia","2017"
"85","China","5.246","0.9890000000000001","1.1420000000000001","0.799","0.597","0.028999999999999998","0.10300000000000001","Asia","2018"
"92","China","5.191","1.0290000000000001","1.125","0.893","0.521","0.057999999999999996","0.1","Asia","2019"
"30","Colombia","6.481","1.0303161140000001","1.021694183","0.596591532","0.44734823700000004","0.156259283","0.053988829","Americas","2016"
"35","Colombia","6.357","1.071","1.402","0.595","0.47700000000000004","0.149","0.047","Americas","2017"
"36","Colombia","6.26","0.96","1.439","0.635","0.531","0.099","0.039","Americas","2018"
"42","Colombia","6.125","0.985","1.41","0.841","0.47","0.099","0.034","Americas","2019"
"126","Congo (Brazzaville)","4.236000000000001","0.7710928920000001","0.477987349","0.282115191","0.37937673899999996","0.120770879","0.09752927","Africa","2016"
"123","Congo (Brazzaville)","4.291","0.809","0.8320000000000001","0.29","0.435","0.121","0.08","Africa","2017"
"113","Congo (Brazzaville)","4.559","0.682","0.8109999999999999","0.34299999999999997","0.514","0.091","0.077","Africa","2018"
"102","Congo (Brazzaville)","4.812","0.6729999999999999","0.799","0.508","0.37200000000000005","0.105","0.09300000000000001","Africa","2019"
"124","Congo (Kinshasa)","4.272","0.056606013","0.8067646620000001","0.188003927","0.15601705","0.254578084","0.060748998","Africa","2016"
"125","Congo (Kinshasa)","4.28","0.092","1.229","0.191","0.23600000000000002","0.24600000000000002","0.06","Africa","2017"
"131","Congo (Kinshasa)","4.245","0.069","1.136","0.204","0.312","0.19699999999999998","0.052000000000000005","Africa","2018"
"126","Congo (Kinshasa)","4.418","0.094","1.125","0.35700000000000004","0.26899999999999996","0.212","0.053","Africa","2019"
"13","Costa Rica","7.087000000000001","1.068794847","1.021524072","0.7614648340000001","0.552250743","0.22552506600000002","0.10546514400000001","Americas","2016"
"11","Costa Rica","7.079","1.11","1.416","0.76","0.58","0.215","0.1","Americas","2017"
"12","Costa Rica","7.072","1.01","1.459","0.8170000000000001","0.632","0.14300000000000002","0.10099999999999999","Americas","2018"
"11","Costa Rica","7.167000000000001","1.034","1.4409999999999998","0.963","0.5579999999999999","0.14400000000000002","0.09300000000000001","Americas","2019"
"73","Croatia","5.4879999999999995","1.1864858870000001","0.608087182","0.705240667","0.23907063899999997","0.184344918","0.040024605","Europe","2016"
"76","Croatia","5.292999999999999","1.2229999999999999","0.968","0.701","0.256","0.248","0.043","Europe","2017"
"81","Croatia","5.321000000000001","1.115","1.161","0.737","0.38","0.12","0.039","Europe","2018"
"74","Croatia","5.432","1.155","1.266","0.914","0.29600000000000004","0.11900000000000001","0.022000000000000002","Europe","2019"
"68","Cyprus","5.546","1.318565488","0.706973851","0.8488041159999999","0.295066029","0.279059798","0.052277435","Asia","2016"
"64","Cyprus","5.621","1.3559999999999999","1.131","0.845","0.355","0.271","0.040999999999999995","Asia","2017"
"60","Cyprus","5.7620000000000005","1.229","1.1909999999999998","0.909","0.423","0.20199999999999999","0.035","Asia","2018"
"48","Cyprus","6.046","1.263","1.2229999999999999","1.042","0.406","0.19","0.040999999999999995","Asia","2019"
"26","Czech Republic","6.596","1.309153438","1.007931709","0.763755083","0.41417706","0.099286601","0.03985557","Europe","2016"
"22","Czech Republic","6.609","1.3530000000000002","1.4340000000000002","0.754","0.491","0.08800000000000001","0.037000000000000005","Europe","2017"
"20","Czech Republic","6.711","1.2329999999999999","1.489","0.8540000000000001","0.5429999999999999","0.064","0.034","Europe","2018"
"19","Czech Republic","6.852","1.2690000000000001","1.4869999999999999","0.92","0.457","0.046","0.036000000000000004","Europe","2019"
"0","Denmark","7.526","1.4417843819999998","1.163744926","0.7950401309999999","0.57941258","0.361709565","0.444532186","Europe","2016"
"1","Denmark","7.522","1.482","1.551","0.7929999999999999","0.626","0.355","0.401","Europe","2017"
"2","Denmark","7.555","1.351","1.59","0.868","0.6829999999999999","0.284","0.408","Europe","2018"
"1","Denmark","7.6","1.383","1.5730000000000002","0.996","0.5920000000000001","0.252","0.41","Europe","2019"
"88","Dominican Republic","5.155","1.027870893","0.994959295","0.576689005","0.5225855110000001","0.212857142","0.12371701","Americas","2016"
"85","Dominican Republic","5.23","1.079","1.402","0.575","0.5529999999999999","0.187","0.114","Americas","2017"
"82","Dominican Republic","5.3020000000000005","0.982","1.4409999999999998","0.614","0.578","0.12","0.106","Americas","2018"
"76","Dominican Republic","5.425","1.015","1.401","0.779","0.49700000000000005","0.113","0.10099999999999999","Americas","2019"
"50","Ecuador","5.976","0.973064899","0.8597406740000001","0.686129689","0.40269997700000004","0.10073605199999999","0.18037167199999998","Americas","2016"
"43","Ecuador","6.007999999999999","1.001","1.286","0.6859999999999999","0.455","0.15","0.14","Americas","2017"
"47","Ecuador","5.973","0.889","1.33","0.736","0.556","0.114","0.12","Americas","2018"
"49","Ecuador","6.028","0.912","1.3119999999999998","0.868","0.498","0.126","0.087","Americas","2019"
"119","Egypt","4.362","0.9539512990000001","0.498131216","0.521161914","0.188465044","0.12706089","0.103929445","Africa","2016"
"103","Egypt","4.735","0.99","0.997","0.52","0.282","0.129","0.114","Africa","2017"
"121","Egypt","4.419","0.885","1.025","0.5529999999999999","0.312","0.092","0.107","Africa","2018"
"136","Egypt","4.166","0.9129999999999999","1.0390000000000001","0.644","0.24100000000000002","0.076","0.067","Africa","2019"
"45","El Salvador","6.068","0.87369591","0.8097509740000001","0.59600395","0.372685879","0.08877384699999999","0.10612560800000001","Americas","2016"
"44","El Salvador","6.002999999999999","0.91","1.182","0.596","0.43200000000000005","0.078","0.09","Americas","2017"
"39","El Salvador","6.167000000000001","0.8059999999999999","1.2309999999999999","0.639","0.461","0.065","0.08199999999999999","Americas","2018"
"34","El Salvador","6.252999999999999","0.794","1.242","0.789","0.43","0.09300000000000001","0.07400000000000001","Americas","2019"
"71","Estonia","5.517","1.279636979","1.0516268009999998","0.6809805040000001","0.41511440299999997","0.08422526699999999","0.18519040899999997","Europe","2016"
"65","Estonia","5.611000000000001","1.321","1.4769999999999999","0.695","0.479","0.099","0.183","Europe","2017"
"62","Estonia","5.739","1.2","1.5319999999999998","0.737","0.5529999999999999","0.086","0.174","Europe","2018"
"54","Estonia","5.893","1.237","1.528","0.8740000000000001","0.495","0.10300000000000001","0.161","Europe","2019"
"114","Ethiopia","4.508","0.292833269","0.37931633","0.34577632","0.36702913","0.295218557","0.171699375","Africa","2016"
"118","Ethiopia","4.46","0.33899999999999997","0.865","0.353","0.409","0.313","0.165","Africa","2017"
"126","Ethiopia","4.35","0.308","0.95","0.391","0.452","0.22","0.146","Africa","2018"
"133","Ethiopia","4.2860000000000005","0.336","1.033","0.532","0.344","0.209","0.1","Africa","2019"
"4","Finland","7.412999999999999","1.40597868","1.134640336","0.81091392","0.571036816","0.254919082","0.410039783","Europe","2016"
"4","Finland","7.468999999999999","1.444","1.54","0.809","0.618","0.245","0.38299999999999995","Europe","2017"
"0","Finland","7.632000000000001","1.305","1.5919999999999999","0.8740000000000001","0.6809999999999999","0.192","0.39299999999999996","Europe","2018"
"0","Finland","7.769","1.34","1.587","0.986","0.596","0.153","0.39299999999999996","Europe","2019"
"31","France","6.478","1.3948835130000001","1.0050801040000001","0.837949932","0.465618432","0.121603429","0.178082541","Europe","2016"
"30","France","6.442","1.431","1.3880000000000001","0.8440000000000001","0.47","0.13","0.17300000000000001","Europe","2017"
"22","France","6.489","1.2930000000000001","1.466","0.9079999999999999","0.52","0.098","0.17600000000000002","Europe","2018"
"23","France","6.5920000000000005","1.324","1.472","1.045","0.436","0.111","0.183","Europe","2019"
"133","Gabon","4.121","1.158508897","0.7236786479999999","0.34940424600000003","0.28097546100000004","0.062437054000000006","0.09314181699999999","Africa","2016"
"117","Gabon","4.465","1.198","1.156","0.35700000000000004","0.312","0.044000000000000004","0.076","Africa","2017"
"102","Gabon","4.758","1.036","1.1640000000000001","0.40399999999999997","0.35600000000000004","0.032","0.052000000000000005","Africa","2018"
"103","Gabon","4.7989999999999995","1.057","1.183","0.5710000000000001","0.295","0.043","0.055","Africa","2019"
"125","Georgia","4.252","0.8379245999999999","0.192494437","0.64034605","0.324610114","0.067858882","0.31879583","Asia","2016"
"124","Georgia","4.2860000000000005","0.951","0.5710000000000001","0.65","0.309","0.054000000000000006","0.252","Asia","2017"
"127","Georgia","4.34","0.853","0.5920000000000001","0.643","0.375","0.038","0.215","Asia","2018"
"118","Georgia","4.519","0.8859999999999999","0.6659999999999999","0.752","0.34600000000000003","0.043","0.16399999999999998","Asia","2019"
"15","Germany","6.994","1.447866678","1.097738504","0.814869463","0.534662247","0.304522663","0.285507739","Europe","2016"
"15","Germany","6.9510000000000005","1.4880000000000002","1.473","0.799","0.563","0.336","0.27699999999999997","Europe","2017"
"14","Germany","6.965","1.34","1.474","0.861","0.586","0.273","0.28","Europe","2018"
"16","Germany","6.985","1.3730000000000002","1.454","0.987","0.495","0.261","0.265","Europe","2019"
"123","Ghana","4.276","0.631068647","0.49352505799999996","0.296813399","0.40973222299999995","0.21203264600000002","0.032602906","Africa","2016"
"130","Ghana","4.12","0.667","0.8740000000000001","0.29600000000000004","0.423","0.257","0.025","Africa","2017"
"107","Ghana","4.657","0.5920000000000001","0.8959999999999999","0.337","0.499","0.212","0.028999999999999998","Africa","2018"
"97","Ghana","4.996","0.611","0.868","0.486","0.381","0.245","0.04","Africa","2019"
"98","Greece","5.033","1.248862028","0.754731655","0.8002893329999999","0.058221195","0.0","0.041272469","Europe","2016"
"86","Greece","5.227","1.2890000000000001","1.239","0.81","0.096","0.0","0.043","Europe","2017"
"78","Greece","5.358","1.1540000000000001","1.202","0.879","0.131","0.0","0.044000000000000004","Europe","2018"
"81","Greece","5.287000000000001","1.181","1.156","0.9990000000000001","0.067","0.0","0.034","Europe","2019"
"38","Guatemala","6.324","0.8345445990000001","0.871189952","0.540386319","0.503786147","0.288083464","0.087014526","Americas","2016"
"28","Guatemala","6.454","0.872","1.256","0.54","0.531","0.28300000000000003","0.077","Americas","2017"
"29","Guatemala","6.382000000000001","0.7809999999999999","1.268","0.608","0.604","0.179","0.071","Americas","2018"
"26","Guatemala","6.436","0.8","1.2690000000000001","0.746","0.535","0.175","0.078","Americas","2019"
"150","Guinea","3.6069999999999998","0.224151656","0.310899138","0.188288182","0.309527636","0.299137384","0.119202852","Africa","2016"
"148","Guinea","3.5069999999999997","0.245","0.7909999999999999","0.19399999999999998","0.349","0.265","0.111","Africa","2017"
"139","Guinea","3.964","0.344","0.792","0.21100000000000002","0.39399999999999996","0.185","0.094","Africa","2018"
"117","Guinea","4.534","0.38","0.8290000000000001","0.375","0.332","0.207","0.086","Africa","2019"
"135","Haiti","4.0280000000000005","0.340972722","0.295613825","0.274940819","0.12072394800000001","0.47957807799999996","0.14475786699999998","Americas","2016"
"144","Haiti","3.603","0.369","0.64","0.27699999999999997","0.03","0.489","0.1","Americas","2017"
"147","Haiti","3.582","0.315","0.7140000000000001","0.289","0.025","0.392","0.10400000000000001","Americas","2018"
"146","Haiti","3.597","0.32299999999999995","0.688","0.449","0.026000000000000002","0.419","0.11","Americas","2019"
"103","Honduras","4.871","0.694292605","0.755958438","0.583828628","0.267550528","0.204403043","0.069061995","Americas","2016"
"90","Honduras","5.181","0.731","1.1440000000000001","0.583","0.348","0.23600000000000002","0.073","Americas","2017"
"71","Honduras","5.504","0.62","1.205","0.622","0.45899999999999996","0.19699999999999998","0.07400000000000001","Americas","2018"
"58","Honduras","5.86","0.642","1.236","0.828","0.507","0.24600000000000002","0.078","Americas","2019"
"90","Hungary","5.145","1.2414191959999998","0.9316383","0.6760838029999999","0.197703317","0.09899893400000001","0.044721223","Europe","2016"
"74","Hungary","5.324","1.286","1.3430000000000002","0.688","0.17600000000000002","0.078","0.037000000000000005","Europe","2017"
"68","Hungary","5.62","1.171","1.401","0.732","0.259","0.061","0.022000000000000002","Europe","2018"
"61","Hungary","5.757999999999999","1.2009999999999998","1.41","0.828","0.19899999999999998","0.081","0.02","Europe","2019"
"2","Iceland","7.501","1.426655412","1.1832593679999999","0.8673328159999999","0.566242337","0.476783901","0.149747416","Europe","2016"
"2","Iceland","7.504","1.4809999999999999","1.611","0.8340000000000001","0.627","0.47600000000000003","0.154","Europe","2017"
"3","Iceland","7.495","1.3430000000000002","1.6440000000000001","0.914","0.677","0.353","0.138","Europe","2018"
"3","Iceland","7.494","1.38","1.624","1.026","0.591","0.354","0.11800000000000001","Europe","2019"
"117","India","4.404","0.7403585309999999","0.29247444899999997","0.450911433","0.40284556200000005","0.25028473100000004","0.087221779","Asia","2016"
"121","India","4.315","0.792","0.754","0.455","0.47","0.23199999999999998","0.092","Asia","2017"
"132","India","4.19","0.721","0.747","0.485","0.539","0.172","0.09300000000000001","Asia","2018"
"139","India","4.015","0.755","0.765","0.588","0.498","0.2","0.085","Asia","2019"
"78","Indonesia","5.314","0.951040626","0.87625128","0.493741304","0.392365605","0.565213919","0.003222997","Asia","2016"
"80","Indonesia","5.2620000000000005","0.996","1.274","0.49200000000000005","0.44299999999999995","0.612","0.015","Asia","2017"
"95","Indonesia","5.093","0.899","1.215","0.522","0.5379999999999999","0.484","0.018000000000000002","Asia","2018"
"91","Indonesia","5.192","0.9309999999999999","1.203","0.66","0.491","0.498","0.027999999999999997","Asia","2019"
"104","Iran","4.813","1.11757791","0.38857168","0.642323375","0.22543714899999998","0.38538247299999995","0.055696428","Asia","2016"
"107","Iran","4.692","1.157","0.7120000000000001","0.639","0.249","0.387","0.049","Asia","2017"
"105","Iran","4.707","1.0590000000000002","0.7709999999999999","0.691","0.45899999999999996","0.282","0.129","Asia","2018"
"116","Iran","4.548","1.1","0.8420000000000001","0.785","0.305","0.27","0.125","Asia","2019"
"111","Iraq","4.575","1.07474339","0.592047036","0.5107596520000001","0.24855914699999998","0.195888206","0.136355549","Asia","2016"
"116","Iraq","4.497","1.103","0.9790000000000001","0.501","0.289","0.2","0.107","Asia","2017"
"116","Iraq","4.456","1.01","0.971","0.536","0.304","0.14800000000000002","0.095","Asia","2018"
"125","Iraq","4.437","1.043","0.98","0.574","0.24100000000000002","0.14800000000000002","0.08900000000000001","Asia","2019"
"18","Ireland","6.907","1.4834135769999999","1.161568046","0.8145487309999999","0.540084302","0.449628145","0.29753685","Europe","2016"
"14","Ireland","6.977","1.536","1.558","0.81","0.573","0.428","0.298","Europe","2017"
"13","Ireland","6.977","1.4480000000000002","1.5830000000000002","0.8759999999999999","0.614","0.307","0.306","Europe","2018"
"15","Ireland","7.021","1.499","1.5530000000000002","0.9990000000000001","0.516","0.298","0.31","Europe","2019"
"10","Israel","7.267","1.33766067","0.995372832","0.849171937","0.36432001","0.322876483","0.087278329","Asia","2016"
"10","Israel","7.212999999999999","1.375","1.376","0.838","0.406","0.33","0.085","Asia","2017"
"10","Israel","7.19","1.244","1.433","0.888","0.46399999999999997","0.262","0.08199999999999999","Asia","2018"
"12","Israel","7.138999999999999","1.276","1.455","1.0290000000000001","0.371","0.261","0.08199999999999999","Asia","2019"
"49","Italy","5.977","1.3549468519999999","1.0416674609999999","0.851017892","0.188266635","0.166838825","0.02555649","Europe","2016"
"47","Italy","5.9639999999999995","1.395","1.445","0.853","0.256","0.17300000000000001","0.027999999999999997","Europe","2017"
"46","Italy","6","1.264","1.501","0.946","0.281","0.13699999999999998","0.027999999999999997","Europe","2018"
"35","Italy","6.223","1.294","1.4880000000000002","1.0390000000000001","0.231","0.158","0.03","Europe","2019"
"138","Ivory Coast","3.9160000000000004","0.55506587","0.575758815","0.044759069000000005","0.406628996","0.203382105","0.155298561","Africa","2016"
"127","Ivory Coast","4.18","0.603","0.905","0.049","0.44799999999999995","0.201","0.13","Africa","2017"
"106","Ivory Coast","4.671","0.541","0.872","0.08","0.467","0.146","0.10300000000000001","Africa","2018"
"98","Ivory Coast","4.944","0.569","0.8079999999999999","0.23199999999999998","0.35200000000000004","0.154","0.09","Africa","2019"
"72","Jamaica","5.51","0.893330693","0.963718593","0.5946876999999999","0.435969591","0.222449809","0.042939640999999994","Americas","2016"
"75","Jamaica","5.311","0.9259999999999999","1.368","0.6409999999999999","0.474","0.23399999999999999","0.055","Americas","2017"
"55","Jamaica","5.89","0.8190000000000001","1.493","0.693","0.575","0.096","0.031","Americas","2018"
"55","Jamaica","5.89","0.831","1.4780000000000002","0.831","0.49","0.107","0.027999999999999997","Americas","2019"
"52","Japan","5.921","1.38007319","1.0605419870000001","0.9149106140000001","0.467606604","0.102243334","0.189853474","Asia","2016"
"50","Japan","5.92","1.4169999999999998","1.436","0.9129999999999999","0.506","0.121","0.16399999999999998","Asia","2017"
"53","Japan","5.915","1.294","1.462","0.988","0.5529999999999999","0.079","0.15","Asia","2018"
"57","Japan","5.886","1.327","1.419","1.088","0.445","0.069","0.14","Asia","2019"
"79","Jordan","5.303","0.996726453","0.862160563","0.607119262","0.360229939","0.14262212800000001","0.132970601","Asia","2016"
"73","Jordan","5.336","0.991","1.239","0.605","0.418","0.172","0.12","Asia","2017"
"89","Jordan","5.1610000000000005","0.8220000000000001","1.265","0.645","0.46799999999999997","0.13","0.134","Asia","2018"
"100","Jordan","4.906000000000001","0.8370000000000001","1.225","0.815","0.38299999999999995","0.11","0.13","Asia","2019"
"53","Kazakhstan","5.919","1.2294282909999998","0.955435932","0.573857725","0.40520218","0.150109679","0.111316212","Asia","2016"
"59","Kazakhstan","5.819","1.285","1.3840000000000001","0.606","0.43700000000000006","0.20199999999999999","0.11900000000000001","Asia","2017"
"59","Kazakhstan","5.79","1.143","1.516","0.631","0.45399999999999996","0.14800000000000002","0.121","Asia","2018"
"59","Kazakhstan","5.809","1.173","1.508","0.7290000000000001","0.41","0.146","0.096","Asia","2019"
"121","Kenya","4.356","0.5226711629999999","0.7623973490000001","0.301471651","0.405755043","0.41327792399999996","0.066859066","Africa","2016"
"111","Kenya","4.553","0.56","1.068","0.31","0.45299999999999996","0.445","0.065","Africa","2017"
"123","Kenya","4.41","0.493","1.048","0.45399999999999996","0.504","0.35200000000000004","0.055","Africa","2018"
"120","Kenya","4.5089999999999995","0.512","0.983","0.581","0.431","0.37200000000000005","0.053","Africa","2019"
"76","Kosovo","5.401","0.901451945","0.660622716","0.540003181","0.143963769","0.279919446","0.065471202","","2016"
"77","Kosovo","5.279","0.951","1.138","0.541","0.26","0.32","0.057","Europe","2017"
"65","Kosovo","5.662000000000001","0.855","1.23","0.578","0.44799999999999995","0.27399999999999997","0.023","Europe","2018"
"45","Kosovo","6.1","0.882","1.232","0.758","0.489","0.262","0.006","Europe","2019"
"40","Kuwait","6.239","1.617141366","0.877582967","0.635688484","0.431660771","0.159652606","0.23669172800000002","Asia","2016"
"38","Kuwait","6.105","1.633","1.26","0.632","0.496","0.228","0.215","Asia","2017"
"44","Kuwait","6.082999999999999","1.474","1.301","0.675","0.5539999999999999","0.16699999999999998","0.106","Asia","2018"
"50","Kuwait","6.021","1.5","1.319","0.8079999999999999","0.493","0.142","0.09699999999999999","Asia","2019"
"84","Kyrgyzstan","5.185","0.560443997","0.9543383120000001","0.554490626","0.40211921899999997","0.384315312","0.047621343","Asia","2016"
"97","Kyrgyzstan","5.004","0.596","1.3940000000000001","0.5529999999999999","0.455","0.429","0.039","Asia","2017"
"91","Kyrgyzstan","5.131","0.53","1.416","0.594","0.54","0.281","0.035","Asia","2018"
"85","Kyrgyzstan","5.261","0.551","1.4380000000000002","0.723","0.508","0.3","0.023","Asia","2019"
"67","Latvia","5.56","1.217876792","0.950254142","0.6395242210000001","0.279956311","0.17445315399999997","0.088895261","Europe","2016"
"53","Latvia","5.85","1.261","1.405","0.639","0.326","0.153","0.07400000000000001","Europe","2017"
"52","Latvia","5.933","1.148","1.454","0.6709999999999999","0.363","0.092","0.066","Europe","2018"
"52","Latvia","5.94","1.187","1.465","0.812","0.264","0.075","0.064","Europe","2019"
"92","Lebanon","5.129","1.122678638","0.641836703","0.7617095709999999","0.262280792","0.236933082","0.030606575","Asia","2016"
"87","Lebanon","5.225","1.075","1.13","0.735","0.289","0.264","0.038","Asia","2017"
"87","Lebanon","5.199","0.965","1.166","0.785","0.292","0.187","0.034","Asia","2018"
"90","Lebanon","5.197","0.987","1.224","0.815","0.21600000000000003","0.166","0.027000000000000003","Asia","2019"
"149","Liberia","3.622","0.107063256","0.503526747","0.23165465899999999","0.257483155","0.24062929999999996","0.048521545","Africa","2016"
"147","Liberia","3.533","0.11900000000000001","0.872","0.23","0.33299999999999996","0.267","0.039","Africa","2017"
"148","Liberia","3.495","0.076","0.858","0.267","0.419","0.20600000000000002","0.03","Africa","2018"
"140","Liberia","3.975","0.073","0.922","0.44299999999999995","0.37","0.233","0.033","Africa","2019"
"66","Libya","5.615","1.066875935","0.950764835","0.523042977","0.406719416","0.170868352","0.10339210199999999","Africa","2016"
"67","Libya","5.525","1.102","1.358","0.52","0.466","0.152","0.09300000000000001","Africa","2017"
"69","Libya","5.566","0.985","1.35","0.5529999999999999","0.496","0.11599999999999999","0.14800000000000002","Africa","2018"
"71","Libya","5.525","1.044","1.3030000000000002","0.6729999999999999","0.41600000000000004","0.133","0.152","Africa","2019"
"59","Lithuania","5.813","1.269200087","1.064109921","0.646744013","0.18928887","0.020247009","0.018196518999999998","Europe","2016"
"51","Lithuania","5.902","1.315","1.474","0.629","0.23399999999999999","0.01","0.012","Europe","2017"
"49","Lithuania","5.952000000000001","1.197","1.527","0.716","0.35","0.026000000000000002","0.006","Europe","2018"
"41","Lithuania","6.149","1.238","1.515","0.818","0.29100000000000004","0.043","0.042","Europe","2019"
"19","Luxembourg","6.871","1.69752419","1.039993048","0.845419347","0.548702359","0.275711238","0.353293061","Europe","2016"
"17","Luxembourg","6.8629999999999995","1.742","1.4580000000000002","0.845","0.597","0.28300000000000003","0.319","Europe","2017"
"16","Luxembourg","6.91","1.5759999999999998","1.52","0.8959999999999999","0.632","0.196","0.321","Europe","2018"
"13","Luxembourg","7.09","1.609","1.479","1.012","0.526","0.19399999999999998","0.316","Europe","2019"
"94","Macedonia","5.121","1.019297957","0.782356858","0.64737922","0.276682049","0.235072523","0.070470847","Europe","2016"
"91","Macedonia","5.175","1.065","1.208","0.645","0.326","0.254","0.06","Europe","2017"
"88","Macedonia","5.185","0.9590000000000001","1.239","0.691","0.39399999999999996","0.17300000000000001","0.052000000000000005","Europe","2018"
"83","Macedonia","5.274","0.983","1.294","0.838","0.345","0.185","0.034","Europe","2019"
"147","Madagascar","3.695","0.279543608","0.46115467","0.371090263","0.13683778","0.22039766600000002","0.075058505","Africa","2016"
"143","Madagascar","3.6439999999999997","0.306","0.9129999999999999","0.375","0.18899999999999997","0.209","0.067","Africa","2017"
"142","Madagascar","3.7739999999999996","0.262","0.9079999999999999","0.402","0.221","0.155","0.049","Africa","2018"
"142","Madagascar","3.9330000000000003","0.27399999999999997","0.9159999999999999","0.555","0.14800000000000002","0.16899999999999998","0.040999999999999995","Africa","2019"
"131","Malawi","4.156000000000001","0.08709395699999999","0.147002205","0.293644875","0.41430172299999996","0.309678584","0.075636759","Africa","2016"
"135","Malawi","3.97","0.233","0.513","0.315","0.467","0.287","0.073","Africa","2017"
"146","Malawi","3.5869999999999997","0.18600000000000003","0.541","0.306","0.531","0.21","0.08","Africa","2018"
"149","Malawi","3.41","0.191","0.56","0.495","0.44299999999999995","0.218","0.08900000000000001","Africa","2019"
"46","Malaysia","6.005","1.251420617","0.880245805","0.6236553189999999","0.390308052","0.41473585399999996","0.090813398","Asia","2016"
"41","Malaysia","6.084","1.291","1.285","0.619","0.402","0.41700000000000004","0.066","Asia","2017"
"34","Malaysia","6.322","1.161","1.258","0.669","0.35600000000000004","0.311","0.059000000000000004","Asia","2018"
"79","Malaysia","5.3389999999999995","1.2209999999999999","1.171","0.828","0.508","0.26","0.024","Asia","2019"
"134","Mali","4.073","0.312924176","0.863327265","0.163471952","0.275439262","0.210641325","0.13646628","Africa","2016"
"126","Mali","4.19","0.47600000000000003","1.281","0.16899999999999998","0.307","0.183","0.105","Africa","2017"
"117","Mali","4.447","0.37","1.2329999999999999","0.152","0.36700000000000005","0.139","0.055999999999999994","Africa","2018"
"127","Mali","4.39","0.385","1.105","0.308","0.327","0.153","0.052000000000000005","Africa","2019"
"29","Malta","6.4879999999999995","1.3078153129999999","1.0987920759999998","0.8031540509999999","0.549941838","0.56236583","0.17554386","Europe","2016"
"26","Malta","6.527","1.3430000000000002","1.4880000000000002","0.8220000000000001","0.589","0.575","0.153","Europe","2017"
"21","Malta","6.627000000000001","1.27","1.525","0.884","0.645","0.376","0.142","Europe","2018"
"21","Malta","6.726","1.3","1.52","0.9990000000000001","0.564","0.375","0.151","Europe","2019"
"129","Mauritania","4.2010000000000005","0.613908052","0.8414196970000001","0.286394596","0.126799494","0.226863608","0.179548815","Africa","2016"
"122","Mauritania","4.292","0.648","1.272","0.285","0.096","0.20199999999999999","0.13699999999999998","Africa","2017"
"125","Mauritania","4.356","0.557","1.245","0.292","0.129","0.134","0.09300000000000001","Africa","2018"
"121","Mauritania","4.49","0.57","1.167","0.489","0.066","0.106","0.08800000000000001","Africa","2019"
"65","Mauritius","5.648","1.143722653","0.7569501999999999","0.661886156","0.46144712","0.36951062100000004","0.052029993","Africa","2016"
"63","Mauritius","5.629","1.189","1.21","0.638","0.491","0.361","0.042","Africa","2017"
"54","Mauritius","5.891","1.09","1.3869999999999998","0.684","0.584","0.245","0.05","Africa","2018"
"56","Mauritius","5.888","1.12","1.402","0.7979999999999999","0.498","0.215","0.06","Africa","2019"
"20","Mexico","6.778","1.115080833","0.7146037820000001","0.711434186","0.377086431","0.117354617","0.18354722899999998","Americas","2016"
"24","Mexico","6.577999999999999","1.153","1.2109999999999999","0.71","0.413","0.121","0.133","Americas","2017"
"23","Mexico","6.4879999999999995","1.038","1.252","0.7609999999999999","0.479","0.069","0.095","Americas","2018"
"22","Mexico","6.595","1.07","1.3230000000000002","0.861","0.433","0.07400000000000001","0.073","Americas","2019"
"54","Moldova","5.897","0.6917694209999999","0.831317425","0.523085415","0.252024621","0.199973464","0.019030778","Europe","2016"
"55","Moldova","5.837999999999999","0.7290000000000001","1.252","0.589","0.24100000000000002","0.209","0.01","Europe","2017"
"66","Moldova","5.64","0.657","1.301","0.62","0.23199999999999998","0.171","0.0","Europe","2018"
"70","Moldova","5.529","0.685","1.328","0.7390000000000001","0.245","0.18100000000000002","0.0","Europe","2019"
"100","Mongolia","4.907","0.988527238","1.089830875","0.554693222","0.35971877","0.345385551","0.032850172000000004","Asia","2016"
"99","Mongolia","4.955","1.0270000000000001","1.493","0.5579999999999999","0.39399999999999996","0.33799999999999997","0.033","Asia","2017"
"93","Mongolia","5.125","0.914","1.517","0.575","0.395","0.253","0.032","Asia","2018"
"82","Mongolia","5.285","0.948","1.531","0.667","0.317","0.235","0.038","Asia","2019"
"87","Montenegro","5.1610000000000005","1.078377247","0.7417290809999999","0.635325789","0.151106626","0.171912715","0.12721251","Europe","2016"
"82","Montenegro","5.237","1.121","1.238","0.667","0.195","0.198","0.08800000000000001","Europe","2017"
"80","Montenegro","5.347","1.0170000000000001","1.2790000000000001","0.7290000000000001","0.259","0.111","0.081","Europe","2018"
"72","Montenegro","5.523","1.051","1.361","0.871","0.19699999999999998","0.142","0.08","Europe","2019"
"89","Morocco","5.151","0.840575635","0.38595461799999997","0.594714701","0.25646254399999996","0.040528033","0.08404255699999999","Africa","2016"
"83","Morocco","5.235","0.878","0.775","0.598","0.408","0.032","0.08800000000000001","Africa","2017"
"84","Morocco","5.254","0.779","0.797","0.669","0.46","0.026000000000000002","0.07400000000000001","Africa","2018"
"88","Morocco","5.207999999999999","0.8009999999999999","0.782","0.782","0.418","0.036000000000000004","0.076","Africa","2019"
"118","Myanmar","4.395","0.341123313","0.6998114590000001","0.398799539","0.42691922200000004","0.8197111490000001","0.202434525","Asia","2016"
"113","Myanmar","4.545","0.36700000000000005","1.123","0.39799999999999996","0.514","0.838","0.18899999999999997","Asia","2017"
"129","Myanmar","4.308","0.682","1.1740000000000002","0.429","0.58","0.598","0.17800000000000002","Asia","2018"
"130","Myanmar","4.36","0.71","1.181","0.555","0.525","0.5660000000000001","0.172","Asia","2019"
"112","Namibia","4.574","0.9328721170000001","0.703617692","0.34745428","0.486137927","0.07794962799999999","0.103975952","Africa","2016"
"110","Namibia","4.574","0.9640000000000001","1.0979999999999999","0.33899999999999997","0.52","0.077","0.09300000000000001","Africa","2017"
"118","Namibia","4.441","0.8740000000000001","1.281","0.365","0.519","0.051","0.064","Africa","2018"
"112","Namibia","4.638999999999999","0.879","1.3130000000000002","0.47700000000000004","0.401","0.07","0.055999999999999994","Africa","2019"
"106","Nepal","4.793","0.446257055","0.6969850059999999","0.500729203","0.370115995","0.381596237","0.070081405","Asia","2016"
"98","Nepal","4.962","0.48","1.179","0.504","0.44","0.39399999999999996","0.073","Asia","2017"
"100","Nepal","4.88","0.425","1.228","0.539","0.526","0.302","0.078","Asia","2018"
"99","Nepal","4.913","0.446","1.226","0.677","0.439","0.285","0.08900000000000001","Asia","2019"
"6","Netherlands","7.3389999999999995","1.46468389","1.02912271","0.812308967","0.552113593","0.474157631","0.29926806699999997","Europe","2016"
"5","Netherlands","7.377000000000001","1.504","1.429","0.8109999999999999","0.585","0.47","0.28300000000000003","Europe","2017"
"5","Netherlands","7.441","1.361","1.4880000000000002","0.878","0.638","0.33299999999999996","0.295","Europe","2018"
"4","Netherlands","7.4879999999999995","1.396","1.5219999999999998","0.9990000000000001","0.557","0.322","0.298","Europe","2019"
"7","New Zealand","7.334","1.3606619830000002","1.1727817059999999","0.8309572340000001","0.581473291","0.494010955","0.419043779","Oceania","2016"
"7","New Zealand","7.314","1.406","1.548","0.8170000000000001","0.614","0.5","0.38299999999999995","Oceania","2017"
"7","New Zealand","7.324","1.268","1.601","0.8759999999999999","0.669","0.365","0.389","Oceania","2018"
"7","New Zealand","7.307","1.3030000000000002","1.557","1.026","0.585","0.33","0.38","Oceania","2019"
"47","Nicaragua","5.992000000000001","0.693838418","0.895209551","0.652131021","0.46582359100000004","0.29773226399999997","0.162916645","Americas","2016"
"42","Nicaragua","6.071000000000001","0.737","1.287","0.653","0.44799999999999995","0.302","0.131","Americas","2017"
"40","Nicaragua","6.141","0.6679999999999999","1.319","0.7","0.527","0.20800000000000002","0.128","Americas","2018"
"44","Nicaragua","6.105","0.6940000000000001","1.325","0.835","0.435","0.2","0.127","Americas","2019"
"141","Niger","3.8560000000000003","0.1327025","0.605297446","0.261615485","0.3804079","0.209700525","0.171763912","Africa","2016"
"134","Niger","4.0280000000000005","0.162","0.993","0.26899999999999996","0.364","0.22899999999999998","0.139","Africa","2017"
"133","Niger","4.166","0.131","0.867","0.221","0.39","0.175","0.099","Africa","2018"
"113","Niger","4.628","0.138","0.774","0.366","0.318","0.188","0.102","Africa","2019"
"102","Nigeria","4.875","0.7521632309999999","0.644979417","0.05107902","0.278538823","0.232186615","0.030501827999999998","Africa","2016"
"94","Nigeria","5.074","0.784","1.216","0.057","0.395","0.231","0.026000000000000002","Africa","2017"
"90","Nigeria","5.155","0.6890000000000001","1.172","0.048","0.462","0.201","0.032","Africa","2018"
"84","Nigeria","5.265","0.696","1.111","0.245","0.426","0.215","0.040999999999999995","Africa","2019"
"3","Norway","7.497999999999999","1.577440143","1.126895666","0.795789361","0.596085906","0.378948092","0.357757896","Europe","2016"
"0","Norway","7.537000000000001","1.6159999999999999","1.534","0.797","0.635","0.36200000000000004","0.316","Europe","2017"
"1","Norway","7.593999999999999","1.456","1.5819999999999999","0.861","0.6859999999999999","0.28600000000000003","0.34","Europe","2018"
"2","Norway","7.553999999999999","1.4880000000000002","1.5819999999999999","1.028","0.603","0.271","0.341","Europe","2019"
"91","Pakistan","5.132000000000001","0.688163638","0.261352569","0.403063834","0.146219745","0.311846018","0.138804361","Asia","2016"
"79","Pakistan","5.269","0.727","0.6729999999999999","0.402","0.235","0.315","0.124","Asia","2017"
"74","Pakistan","5.472","0.652","0.81","0.424","0.33399999999999996","0.21600000000000003","0.113","Asia","2018"
"66","Pakistan","5.653","0.677","0.8859999999999999","0.535","0.313","0.22","0.098","Asia","2019"
"107","Palestinian Territories","4.754","0.670235455","0.7162941690000001","0.568437994","0.17743876600000003","0.111536279","0.106133856","Asia","2016"
"102","Palestinian Territories","4.775","0.716","1.156","0.5660000000000001","0.255","0.114","0.08900000000000001","Asia","2017"
"103","Palestinian Territories","4.743","0.642","1.217","0.602","0.266","0.086","0.076","Asia","2018"
"109","Palestinian Territories","4.696000000000001","0.657","1.247","0.672","0.225","0.10300000000000001","0.066","Asia","2019"
"24","Panama","6.7010000000000005","1.183057308","0.9891213179999999","0.7083465459999999","0.489274472","0.241801292","0.08422975199999999","Americas","2016"
"29","Panama","6.452000000000001","1.234","1.3730000000000002","0.706","0.55","0.21100000000000002","0.071","Americas","2017"
"26","Panama","6.43","1.112","1.4380000000000002","0.759","0.597","0.125","0.063","Americas","2018"
"30","Panama","6.321000000000001","1.149","1.442","0.91","0.516","0.109","0.054000000000000006","Americas","2019"
"69","Paraguay","5.537999999999999","0.893729806","1.111106753","0.582954884","0.46235162","0.25295805899999996","0.073959857","Americas","2016"
"69","Paraguay","5.492999999999999","0.9329999999999999","1.507","0.579","0.474","0.22399999999999998","0.091","Americas","2017"
"63","Paraguay","5.681","0.835","1.5219999999999998","0.615","0.541","0.162","0.07400000000000001","Americas","2018"
"62","Paraguay","5.742999999999999","0.855","1.475","0.777","0.514","0.184","0.08","Americas","2019"
"63","Peru","5.742999999999999","0.9960178140000001","0.8125536440000001","0.629942834","0.37501683799999996","0.145270541","0.052919939000000006","Americas","2016"
"62","Peru","5.715","1.035","1.219","0.63","0.45","0.127","0.047","Americas","2017"
"64","Peru","5.662999999999999","0.934","1.249","0.674","0.53","0.092","0.034","Americas","2018"
"64","Peru","5.697","0.96","1.274","0.8540000000000001","0.455","0.083","0.027000000000000003","Americas","2019"
"81","Philippines","5.279","0.8121714590000001","0.87877202","0.47035658399999997","0.548538148","0.216740772","0.11756789699999999","Asia","2016"
"71","Philippines","5.43","0.858","1.254","0.46799999999999997","0.585","0.19399999999999998","0.099","Asia","2017"
"70","Philippines","5.524","0.775","1.3119999999999998","0.513","0.643","0.12","0.105","Asia","2018"
"68","Philippines","5.631","0.807","1.2930000000000001","0.657","0.5579999999999999","0.11699999999999999","0.107","Asia","2019"
"56","Poland","5.835","1.245846987","1.04684782","0.6905810240000001","0.45190239","0.144434735","0.054995815999999996","Europe","2016"
"45","Poland","5.973","1.2919999999999998","1.446","0.6990000000000001","0.52","0.158","0.059000000000000004","Europe","2017"
"41","Poland","6.122999999999999","1.176","1.4480000000000002","0.7809999999999999","0.546","0.10800000000000001","0.064","Europe","2018"
"39","Poland","6.182","1.206","1.4380000000000002","0.884","0.483","0.11699999999999999","0.05","Europe","2019"
"93","Portugal","5.122999999999999","1.276074409","0.943668902","0.7936257720000001","0.44726511799999996","0.11690641199999999","0.015205773","Europe","2016"
"88","Portugal","5.195","1.315","1.367","0.7959999999999999","0.498","0.095","0.016","Europe","2017"
"76","Portugal","5.41","1.188","1.429","0.884","0.562","0.055","0.017","Europe","2018"
"65","Portugal","5.693","1.2209999999999999","1.431","0.9990000000000001","0.508","0.047","0.025","Europe","2019"
"35","Qatar","6.375","1.824265599","0.8796373009999999","0.7172298429999999","0.566785216","0.323877066","0.480493426","Asia","2016"
"34","Qatar","6.375","1.871","1.274","0.71","0.604","0.33","0.439","Asia","2017"
"31","Qatar","6.374","1.649","1.3030000000000002","0.748","0.654","0.256","0.171","Asia","2018"
"28","Qatar","6.374","1.6840000000000002","1.3130000000000002","0.871","0.555","0.22","0.16699999999999998","Asia","2019"
"70","Romania","5.528","1.169700027","0.728026032","0.67602092","0.367121756","0.128893197","0.006788756","Europe","2016"
"56","Romania","5.825","1.218","1.15","0.685","0.457","0.134","0.004","Europe","2017"
"51","Romania","5.945","1.1159999999999999","1.219","0.726","0.528","0.08800000000000001","0.001","Europe","2018"
"47","Romania","6.07","1.162","1.232","0.825","0.462","0.083","0.005","Europe","2019"
"55","Russia","5.856","1.232281923","1.052608132","0.589905679","0.32681721399999997","0.02736127","0.035856802","Europe","2016"
"48","Russia","5.962999999999999","1.2819999999999998","1.469","0.547","0.374","0.052000000000000005","0.033","Europe","2017"
"58","Russia","5.81","1.151","1.479","0.599","0.39899999999999997","0.065","0.025","Europe","2018"
"67","Russia","5.648","1.183","1.452","0.726","0.33399999999999996","0.08199999999999999","0.031","Europe","2019"
"151","Rwanda","3.515","0.32846111100000003","0.615862489","0.31865021600000004","0.543197215","0.235517174","0.505208671","Africa","2016"
"150","Rwanda","3.471","0.369","0.946","0.326","0.5820000000000001","0.253","0.455","Africa","2017"
"150","Rwanda","3.408","0.332","0.8959999999999999","0.4","0.636","0.2","0.444","Africa","2018"
"151","Rwanda","3.3339999999999996","0.359","0.711","0.614","0.555","0.217","0.41100000000000003","Africa","2019"
"33","Saudi Arabia","6.379","1.4895263909999998","0.8482907409999999","0.5926672820000001","0.379041046","0.154574409","0.300076246","Asia","2016"
"36","Saudi Arabia","6.343999999999999","1.531","1.287","0.59","0.45","0.14800000000000002","0.273","Asia","2017"
"32","Saudi Arabia","6.371","1.379","1.331","0.633","0.509","0.098","0.127","Asia","2018"
"27","Saudi Arabia","6.375","1.403","1.357","0.795","0.439","0.08","0.132","Asia","2019"
"127","Senegal","4.218999999999999","0.44313702","0.77415967","0.404569447","0.310557932","0.19103384","0.116809212","Africa","2016"
"114","Senegal","4.535","0.479","1.18","0.409","0.37799999999999995","0.183","0.115","Africa","2017"
"108","Senegal","4.631","0.429","1.117","0.433","0.406","0.138","0.08199999999999999","Africa","2018"
"110","Senegal","4.681","0.45","1.1340000000000001","0.5710000000000001","0.292","0.153","0.07200000000000001","Africa","2019"
"85","Serbia","5.1770000000000005","1.034370899","0.813292861","0.645801246","0.157181978","0.20736517","0.043391395","Europe","2016"
"72","Serbia","5.395","1.069","1.258","0.6509999999999999","0.209","0.22","0.040999999999999995","Europe","2017"
"77","Serbia","5.398","0.975","1.369","0.685","0.28800000000000003","0.134","0.043","Europe","2018"
"69","Serbia","5.603","1.004","1.383","0.8540000000000001","0.282","0.13699999999999998","0.039","Europe","2019"
"110","Sierra Leone","4.635","0.364854157","0.6280034179999999","0.0","0.306851208","0.238972127","0.081962265","Africa","2016"
"105","Sierra Leone","4.709","0.368","0.9840000000000001","0.006","0.319","0.293","0.071","Africa","2017"
"112","Sierra Leone","4.571000000000001","0.256","0.813","0.0","0.355","0.23800000000000002","0.053","Africa","2018"
"128","Sierra Leone","4.374","0.268","0.841","0.242","0.309","0.252","0.045","Africa","2019"
"21","Singapore","6.739","1.6455464359999998","0.8675758240000001","0.9471881990000001","0.48769936","0.327062637","0.469869375","Asia","2016"
"25","Singapore","6.572","1.692","1.354","0.9490000000000001","0.55","0.34600000000000003","0.46399999999999997","Asia","2017"
"33","Singapore","6.343","1.5290000000000001","1.4509999999999998","1.008","0.631","0.261","0.457","Asia","2018"
"33","Singapore","6.2620000000000005","1.5719999999999998","1.463","1.141","0.556","0.271","0.45299999999999996","Asia","2019"
"44","Slovakia","6.077999999999999","1.279725552","1.082675695","0.703670502","0.233906135","0.138371661","0.029473192999999998","Europe","2016"
"39","Slovakia","6.098","1.325","1.505","0.713","0.29600000000000004","0.13699999999999998","0.024","Europe","2017"
"38","Slovakia","6.172999999999999","1.21","1.537","0.7759999999999999","0.354","0.11800000000000001","0.013999999999999999","Europe","2018"
"37","Slovakia","6.1979999999999995","1.246","1.504","0.8809999999999999","0.33399999999999996","0.121","0.013999999999999999","Europe","2019"
"62","Slovenia","5.768","1.29946506","1.056134582","0.791508019","0.531639218","0.257384598","0.036349814","Europe","2016"
"61","Slovenia","5.757999999999999","1.341","1.453","0.7909999999999999","0.573","0.243","0.045","Europe","2017"
"50","Slovenia","5.9479999999999995","1.219","1.506","0.856","0.633","0.16","0.051","Europe","2018"
"43","Slovenia","6.117999999999999","1.258","1.5230000000000001","0.953","0.564","0.14400000000000002","0.057","Europe","2019"
"75","Somalia","5.44","0.0","0.336134076","0.114662275","0.567781329","0.272246689","0.311798036","Africa","2016"
"92","Somalia","5.151","0.023","0.721","0.114","0.602","0.292","0.282","Africa","2017"
"97","Somalia","4.982","0.0","0.7120000000000001","0.115","0.674","0.23800000000000002","0.282","Africa","2018"
"111","Somalia","4.668","0.0","0.698","0.268","0.5589999999999999","0.243","0.27","Africa","2019"
"115","South Africa","4.459","1.024164915","0.960533559","0.18610996","0.424825251","0.136563376","0.08415438199999999","Africa","2016"
"100","South Africa","4.829","1.055","1.385","0.187","0.479","0.139","0.073","Africa","2017"
"104","South Africa","4.724","0.94","1.41","0.33","0.516","0.10300000000000001","0.055999999999999994","Africa","2018"
"105","South Africa","4.7219999999999995","0.96","1.351","0.469","0.389","0.13","0.055","Africa","2019"
"57","South Korea","5.835","1.359476805","0.7219352720000001","0.886448503","0.251680881","0.18823616199999998","0.077156268","Asia","2016"
"54","South Korea","5.837999999999999","1.402","1.128","0.9","0.258","0.207","0.063","Asia","2017"
"56","South Korea","5.875","1.266","1.204","0.955","0.244","0.175","0.051","Asia","2018"
"53","South Korea","5.895","1.301","1.219","1.036","0.159","0.175","0.055999999999999994","Asia","2019"
"142","South Sudan","3.832","0.39393636600000004","0.185187027","0.157813624","0.19662497899999998","0.258987993","0.13015157","Africa","2016"
"146","South Sudan","3.591","0.397","0.601","0.163","0.147","0.28600000000000003","0.11699999999999999","Africa","2017"
"153","South Sudan","3.2539999999999996","0.337","0.608","0.177","0.11199999999999999","0.22399999999999998","0.106","Africa","2018"
"155","South Sudan","2.853","0.306","0.575","0.295","0.01","0.20199999999999999","0.091","Africa","2019"
"36","Spain","6.361000000000001","1.342530847","1.129446745","0.878959715","0.37544730299999995","0.17664977899999998","0.061372794","Europe","2016"
"33","Spain","6.403","1.3840000000000001","1.5319999999999998","0.889","0.409","0.19","0.071","Europe","2017"
"35","Spain","6.31","1.251","1.538","0.965","0.449","0.142","0.07400000000000001","Europe","2018"
"29","Spain","6.354","1.286","1.484","1.062","0.36200000000000004","0.153","0.079","Europe","2019"
"116","Sri Lanka","4.415","0.9731776120000001","0.8478294609999999","0.620068312","0.508171797","0.46978291899999997","0.079638049","Asia","2016"
"119","Sri Lanka","4.44","1.01","1.26","0.625","0.561","0.491","0.07400000000000001","Asia","2017"
"115","Sri Lanka","4.471","0.9179999999999999","1.314","0.672","0.585","0.307","0.05","Asia","2018"
"129","Sri Lanka","4.3660000000000005","0.9490000000000001","1.265","0.831","0.47","0.244","0.047","Asia","2019"
"9","Sweden","7.291","1.45181036","1.087640166","0.8312124009999999","0.5821848510000001","0.382537901","0.408665925","Europe","2016"
"8","Sweden","7.284","1.494","1.4780000000000002","0.831","0.613","0.385","0.384","Europe","2017"
"8","Sweden","7.314","1.355","1.501","0.9129999999999999","0.659","0.285","0.38299999999999995","Europe","2018"
"6","Sweden","7.343","1.3869999999999998","1.4869999999999999","1.0090000000000001","0.574","0.267","0.373","Europe","2019"
"1","Switzerland","7.5089999999999995","1.527334213","1.145236492","0.8630290629999999","0.585571766","0.280825347","0.412032723","Europe","2016"
"3","Switzerland","7.494","1.565","1.517","0.858","0.62","0.29100000000000004","0.36700000000000005","Europe","2017"
"4","Switzerland","7.487","1.42","1.5490000000000002","0.927","0.66","0.256","0.35700000000000004","Europe","2018"
"5","Switzerland","7.48","1.452","1.526","1.052","0.5720000000000001","0.263","0.34299999999999997","Europe","2019"
"155","Syria","3.069","0.74718523","0.148658514","0.62993592","0.069124863","0.483968765","0.172329709","Asia","2016"
"151","Syria","3.4619999999999997","0.777","0.396","0.501","0.08199999999999999","0.494","0.151","Asia","2017"
"149","Syria","3.4619999999999997","0.6890000000000001","0.382","0.539","0.08800000000000001","0.376","0.14400000000000002","Asia","2018"
"148","Syria","3.4619999999999997","0.619","0.37799999999999995","0.44","0.013000000000000001","0.331","0.141","Asia","2019"
"99","Tajikistan","4.996","0.488349199","0.756024659","0.531185448","0.434081018","0.259979695","0.135088935","Asia","2016"
"95","Tajikistan","5.041","0.525","1.271","0.529","0.47200000000000003","0.249","0.146","Asia","2017"
"79","Tajikistan","5.352","0.474","1.179","0.598","0.503","0.214","0.136","Asia","2018"
"73","Tajikistan","5.4670000000000005","0.493","1.0979999999999999","0.718","0.389","0.23","0.14400000000000002","Asia","2019"
"148","Tanzania","3.6660000000000004","0.471546322","0.7762331370000001","0.356999546","0.31760186","0.314717621","0.050989658","Africa","2016"
"152","Tanzania","3.3489999999999998","0.511","1.042","0.365","0.39","0.354","0.066","Africa","2017"
"152","Tanzania","3.303","0.455","0.991","0.381","0.48100000000000004","0.27","0.09699999999999999","Africa","2018"
"152","Tanzania","3.2310000000000003","0.47600000000000003","0.885","0.499","0.41700000000000004","0.276","0.147","Africa","2019"
"32","Thailand","6.474","1.08929646","1.044767976","0.649153352","0.495529205","0.586960733","0.028332458999999997","Asia","2016"
"31","Thailand","6.4239999999999995","1.128","1.426","0.647","0.58","0.5720000000000001","0.032","Asia","2017"
"45","Thailand","6.072","1.016","1.4169999999999998","0.7070000000000001","0.637","0.364","0.028999999999999998","Asia","2018"
"51","Thailand","6.007999999999999","1.05","1.409","0.828","0.557","0.359","0.027999999999999997","Asia","2019"
"154","Togo","3.303","0.28122651600000004","0.0","0.248112172","0.34678065799999996","0.175168142","0.115871899","Africa","2016"
"149","Togo","3.495","0.305","0.43200000000000005","0.247","0.38","0.19699999999999998","0.096","Africa","2017"
"138","Togo","3.9989999999999997","0.259","0.474","0.253","0.434","0.158","0.10099999999999999","Africa","2018"
"138","Togo","4.085","0.275","0.5720000000000001","0.41","0.293","0.177","0.085","Africa","2019"
"97","Tunisia","5.045","0.977238595","0.431648046","0.595766008","0.23552788800000002","0.039361522","0.081698492","Africa","2016"
"101","Tunisia","4.805","1.0070000000000001","0.868","0.613","0.29","0.05","0.087","Africa","2017"
"110","Tunisia","4.592","0.9","0.9059999999999999","0.69","0.271","0.04","0.063","Africa","2018"
"123","Tunisia","4.461","0.9209999999999999","1.0","0.815","0.16699999999999998","0.059000000000000004","0.055","Africa","2019"
"77","Turkey","5.388999999999999","1.1649216409999998","0.87717098","0.647183418","0.238888025","0.0470687","0.123479202","Asia","2016"
"68","Turkey","5.5","1.198","1.338","0.638","0.301","0.047","0.1","Asia","2017"
"73","Turkey","5.483","1.148","1.38","0.6859999999999999","0.324","0.106","0.109","Asia","2018"
"78","Turkey","5.372999999999999","1.183","1.36","0.8079999999999999","0.195","0.083","0.106","Asia","2019"
"64","Turkmenistan","5.6579999999999995","1.080170751","1.0381743909999999","0.440057486","0.37407752899999996","0.225665107","0.284671992","Asia","2016"
"58","Turkmenistan","5.822","1.131","1.493","0.43799999999999994","0.418","0.25","0.259","Asia","2017"
"67","Turkmenistan","5.636","1.016","1.5330000000000001","0.517","0.41700000000000004","0.19899999999999998","0.037000000000000005","Asia","2018"
"86","Turkmenistan","5.247000000000001","1.052","1.538","0.657","0.39399999999999996","0.244","0.027999999999999997","Asia","2019"
"145","Uganda","3.739","0.347185254","0.909812272","0.196249619","0.436530262","0.271018267","0.064420924","Africa","2016"
"132","Uganda","4.081","0.381","1.13","0.218","0.44299999999999995","0.326","0.057","Africa","2017"
"134","Uganda","4.1610000000000005","0.322","1.09","0.237","0.45","0.259","0.061","Africa","2018"
"135","Uganda","4.189","0.332","1.069","0.44299999999999995","0.35600000000000004","0.252","0.06","Africa","2019"
"122","Ukraine","4.324","0.872869015","1.014131546","0.5862792729999999","0.12858887","0.203627124","0.018293051","Europe","2016"
"131","Ukraine","4.096","0.895","1.395","0.5760000000000001","0.12300000000000001","0.27","0.023","Europe","2017"
"137","Ukraine","4.103","0.7929999999999999","1.413","0.609","0.163","0.187","0.011000000000000001","Europe","2018"
"132","Ukraine","4.332","0.82","1.39","0.7390000000000001","0.17800000000000002","0.187","0.01","Europe","2019"
"27","United Arab Emirates","6.5729999999999995","1.573521495","0.871136844","0.729932189","0.56214571","0.265909791","0.355612397","Asia","2016"
"20","United Arab Emirates","6.648","1.626","1.266","0.727","0.608","0.361","0.324","Asia","2017"
"19","United Arab Emirates","6.774","1.4669999999999999","1.296","0.7759999999999999","0.67","0.284","0.18600000000000003","Asia","2018"
"20","United Arab Emirates","6.825","1.5030000000000001","1.31","0.825","0.598","0.262","0.182","Asia","2019"
"22","United Kingdom","6.725","1.4028302430000001","1.086715817","0.8099051709999999","0.5003592370000001","0.501563191","0.273989618","Europe","2016"
"18","United Kingdom","6.7139999999999995","1.442","1.496","0.805","0.508","0.493","0.265","Europe","2017"
"18","United Kingdom","6.814","1.301","1.5590000000000002","0.883","0.5329999999999999","0.354","0.272","Europe","2018"
"14","United Kingdom","7.053999999999999","1.3330000000000002","1.538","0.996","0.45","0.348","0.278","Europe","2019"
"12","United States","7.104","1.507962227","1.047815084","0.778997898","0.481630385","0.410768449","0.148683056","Americas","2016"
"13","United States","6.992999999999999","1.546","1.42","0.774","0.506","0.39299999999999996","0.136","Americas","2017"
"17","United States","6.886","1.3980000000000001","1.4709999999999999","0.8190000000000001","0.547","0.29100000000000004","0.133","Americas","2018"
"18","United States","6.892","1.433","1.4569999999999999","0.8740000000000001","0.45399999999999996","0.28","0.128","Americas","2019"
"28","Uruguay","6.545","1.181572676","1.031425357","0.7218269709999999","0.543876708","0.18055622300000002","0.213936999","Americas","2016"
"27","Uruguay","6.454","1.218","1.412","0.7190000000000001","0.579","0.175","0.17800000000000002","Americas","2017"
"30","Uruguay","6.379","1.093","1.459","0.7709999999999999","0.625","0.13","0.155","Americas","2018"
"32","Uruguay","6.292999999999999","1.124","1.465","0.8909999999999999","0.523","0.127","0.15","Americas","2019"
"48","Uzbekistan","5.987","0.7359129790000001","1.168096423","0.50163275","0.60848254","0.34326425200000005","0.283327252","Asia","2016"
"46","Uzbekistan","5.971","0.7859999999999999","1.5490000000000002","0.498","0.6579999999999999","0.41600000000000004","0.247","Asia","2017"
"43","Uzbekistan","6.096","0.7190000000000001","1.584","0.605","0.7240000000000001","0.32799999999999996","0.259","Asia","2018"
"40","Uzbekistan","6.1739999999999995","0.745","1.5290000000000001","0.7559999999999999","0.631","0.322","0.24","Asia","2019"
"43","Venezuela","6.084","1.133673549","1.0330225229999999","0.619042635","0.198472604","0.042504365999999995","0.083041303","Americas","2016"
"81","Venezuela","5.25","1.128","1.431","0.617","0.154","0.065","0.064","Americas","2017"
"101","Venezuela","4.806","0.996","1.469","0.657","0.133","0.055999999999999994","0.052000000000000005","Americas","2018"
"107","Venezuela","4.707","0.96","1.4269999999999998","0.805","0.154","0.064","0.047","Americas","2019"
"95","Vietnam","5.061","0.740374327","0.79116708","0.661565065","0.559541166","0.250752568","0.115562074","Asia","2016"
"93","Vietnam","5.074","0.789","1.2770000000000001","0.652","0.5710000000000001","0.235","0.08800000000000001","Asia","2017"
"94","Vietnam","5.103","0.715","1.365","0.7020000000000001","0.618","0.177","0.079","Asia","2018"
"93","Vietnam","5.175","0.741","1.3459999999999999","0.851","0.5429999999999999","0.147","0.073","Asia","2019"
"146","Yemen","3.7239999999999998","0.57938844","0.474931449","0.310475528","0.22869572","0.098209225","0.058922391","Asia","2016"
"145","Yemen","3.593","0.5920000000000001","0.935","0.31","0.249","0.10400000000000001","0.057","Asia","2017"
"151","Yemen","3.355","0.442","1.073","0.34299999999999997","0.244","0.083","0.064","Asia","2018"
"150","Yemen","3.38","0.287","1.163","0.46299999999999997","0.14300000000000002","0.10800000000000001","0.077","Asia","2019"
"105","Zambia","4.795","0.612021744","0.637601912","0.23573216800000002","0.42661646","0.17865707","0.11479061800000001","Africa","2016"
"115","Zambia","4.513999999999999","0.636","1.003","0.258","0.462","0.25","0.078","Africa","2017"
"124","Zambia","4.377","0.562","1.047","0.295","0.503","0.221","0.08199999999999999","Africa","2018"
"137","Zambia","4.107","0.578","1.058","0.426","0.431","0.247","0.087","Africa","2019"
"130","Zimbabwe","4.1930000000000005","0.35040983600000003","0.714784801","0.159500897","0.25428974600000004","0.185030311","0.085816585","Africa","2016"
"137","Zimbabwe","3.875","0.376","1.083","0.19699999999999998","0.336","0.18899999999999997","0.095","Africa","2017"
"143","Zimbabwe","3.6919999999999997","0.35700000000000004","1.094","0.248","0.406","0.132","0.099","Africa","2018"
"145","Zimbabwe","3.6630000000000003","0.366","1.114","0.433","0.361","0.151","0.08900000000000001","Africa","2019"
