Rank,Country,Happiness score,GDP per capita,Social support,Healthy life expectancy,Freedom to make life choices,Generosity,Perceptions of corruption,continent,year,P GDP per capita,P Social support,P Healthy life expectancy,P Freedom to make life choices,P Generosity,P Perceptions of corruption,SUMOFp
1,Denmark,7.526,1.441784382,1.163744926,0.795040131,0.57941258,0.361709565,0.444532186,Europe,2016,0.19 ,0.15 ,0.11 ,0.08 ,0.05 ,0.06 ,0.64 
2,Switzerland,7.509,1.527334213,1.145236492,0.863029063,0.585571766,0.280825347,0.412032723,Europe,2016,0.20 ,0.15 ,0.11 ,0.08 ,0.04 ,0.05 ,0.64 
3,Iceland,7.501,1.426655412,1.183259368,0.867332816,0.566242337,0.476783901,0.149747416,Europe,2016,0.19 ,0.16 ,0.12 ,0.08 ,0.06 ,0.02 ,0.62 
4,Norway,7.498,1.577440143,1.126895666,0.795789361,0.596085906,0.378948092,0.357757896,Europe,2016,0.21 ,0.15 ,0.11 ,0.08 ,0.05 ,0.05 ,0.64 
5,Finland,7.413,1.40597868,1.134640336,0.81091392,0.571036816,0.254919082,0.410039783,Europe,2016,0.19 ,0.15 ,0.11 ,0.08 ,0.03 ,0.06 ,0.62 
6,Canada,7.404,1.440147758,1.096098185,0.827603579,0.57370019,0.44834137,0.313291997,Americas,2016,0.19 ,0.15 ,0.11 ,0.08 ,0.06 ,0.04 ,0.63 
7,Netherlands,7.339,1.46468389,1.02912271,0.812308967,0.552113593,0.474157631,0.299268067,Europe,2016,0.20 ,0.14 ,0.11 ,0.08 ,0.06 ,0.04 ,0.63 
8,New Zealand,7.334,1.360661983,1.172781706,0.830957234,0.581473291,0.494010955,0.419043779,Oceania,2016,0.19 ,0.16 ,0.11 ,0.08 ,0.07 ,0.06 ,0.66 
9,Australia,7.313,1.444426179,1.104755282,0.851203442,0.568365872,0.474068999,0.323306561,Oceania,2016,0.20 ,0.15 ,0.12 ,0.08 ,0.06 ,0.04 ,0.65 
10,Sweden,7.291,1.45181036,1.087640166,0.831212401,0.582184851,0.382537901,0.408665925,Europe,2016,0.20 ,0.15 ,0.11 ,0.08 ,0.05 ,0.06 ,0.65 
11,Israel,7.267,1.33766067,0.995372832,0.849171937,0.36432001,0.322876483,0.087278329,Asia,2016,0.18 ,0.14 ,0.12 ,0.05 ,0.04 ,0.01 ,0.54 
12,Austria,7.119,1.450382471,1.083832502,0.805645227,0.543551922,0.328647077,0.213483572,Europe,2016,0.20 ,0.15 ,0.11 ,0.08 ,0.05 ,0.03 ,0.62 
13,United States,7.104,1.507962227,1.047815084,0.778997898,0.481630385,0.410768449,0.148683056,Americas,2016,0.21 ,0.15 ,0.11 ,0.07 ,0.06 ,0.02 ,0.62 
14,Costa Rica,7.087,1.068794847,1.021524072,0.761464834,0.552250743,0.225525066,0.105465144,Americas,2016,0.15 ,0.14 ,0.11 ,0.08 ,0.03 ,0.01 ,0.53 
15,Puerto Rico,7.039,1.35943079,1.081130385,0.77758044,0.468232125,0.222022176,0.122752629,Americas,2016,0.19 ,0.15 ,0.11 ,0.07 ,0.03 ,0.02 ,0.57 
16,Germany,6.994,1.447866678,1.097738504,0.814869463,0.534662247,0.304522663,0.285507739,Europe,2016,0.21 ,0.16 ,0.12 ,0.08 ,0.04 ,0.04 ,0.64 
17,Brazil,6.952,1.08754158,1.039377689,0.61415261,0.404254824,0.157763064,0.141658947,Americas,2016,0.16 ,0.15 ,0.09 ,0.06 ,0.02 ,0.02 ,0.50 
18,Belgium,6.929,1.425390482,1.052487135,0.819593668,0.513537586,0.242399335,0.262475789,Europe,2016,0.21 ,0.15 ,0.12 ,0.07 ,0.03 ,0.04 ,0.62 
19,Ireland,6.907,1.483413577,1.161568046,0.814548731,0.540084302,0.449628145,0.29753685,Europe,2016,0.21 ,0.17 ,0.12 ,0.08 ,0.07 ,0.04 ,0.69 
20,Luxembourg,6.871,1.69752419,1.039993048,0.845419347,0.548702359,0.275711238,0.353293061,Europe,2016,0.25 ,0.15 ,0.12 ,0.08 ,0.04 ,0.05 ,0.69 
21,Mexico,6.778,1.115080833,0.714603782,0.711434186,0.377086431,0.117354617,0.183547229,Americas,2016,0.16 ,0.11 ,0.10 ,0.06 ,0.02 ,0.03 ,0.47 
22,Singapore,6.739,1.645546436,0.867575824,0.947188199,0.48769936,0.327062637,0.469869375,Asia,2016,0.24 ,0.13 ,0.14 ,0.07 ,0.05 ,0.07 ,0.70 
23,United Kingdom,6.725,1.402830243,1.086715817,0.809905171,0.500359237,0.501563191,0.273989618,Europe,2016,0.21 ,0.16 ,0.12 ,0.07 ,0.07 ,0.04 ,0.68 
24,Chile,6.705,1.216696262,0.905871034,0.818833172,0.377893388,0.315953463,0.114507757,Americas,2016,0.18 ,0.14 ,0.12 ,0.06 ,0.05 ,0.02 ,0.56 
25,Panama,6.701,1.183057308,0.989121318,0.708346546,0.489274472,0.241801292,0.084229752,Americas,2016,0.18 ,0.15 ,0.11 ,0.07 ,0.04 ,0.01 ,0.55 
26,Argentina,6.65,1.15136528,1.06612432,0.697112739,0.422835112,0.109889276,0.072960153,Americas,2016,0.17 ,0.16 ,0.10 ,0.06 ,0.02 ,0.01 ,0.53 
27,Czech Republic,6.596,1.309153438,1.007931709,0.763755083,0.41417706,0.099286601,0.03985557,Europe,2016,0.20 ,0.15 ,0.12 ,0.06 ,0.02 ,0.01 ,0.55 
28,United Arab Emirates,6.573,1.573521495,0.871136844,0.729932189,0.56214571,0.265909791,0.355612397,Asia,2016,0.24 ,0.13 ,0.11 ,0.09 ,0.04 ,0.05 ,0.66 
29,Uruguay,6.545,1.181572676,1.031425357,0.721826971,0.543876708,0.180556223,0.213936999,Americas,2016,0.18 ,0.16 ,0.11 ,0.08 ,0.03 ,0.03 ,0.59 
30,Malta,6.488,1.307815313,1.098792076,0.803154051,0.549941838,0.56236583,0.17554386,Europe,2016,0.20 ,0.17 ,0.12 ,0.08 ,0.09 ,0.03 ,0.69 
31,Colombia,6.481,1.030316114,1.021694183,0.596591532,0.447348237,0.156259283,0.053988829,Americas,2016,0.16 ,0.16 ,0.09 ,0.07 ,0.02 ,0.01 ,0.51 
32,France,6.478,1.394883513,1.005080104,0.837949932,0.465618432,0.121603429,0.178082541,Europe,2016,0.22 ,0.16 ,0.13 ,0.07 ,0.02 ,0.03 ,0.62 
33,Thailand,6.474,1.08929646,1.044767976,0.649153352,0.495529205,0.586960733,0.028332459,Asia,2016,0.17 ,0.16 ,0.10 ,0.08 ,0.09 ,0.00 ,0.60 
34,Saudi Arabia,6.379,1.489526391,0.848290741,0.592667282,0.379041046,0.154574409,0.300076246,Asia,2016,0.23 ,0.13 ,0.09 ,0.06 ,0.02 ,0.05 ,0.59 
35,Taiwan,6.379,1.397285581,0.926242232,0.795653343,0.323774934,0.254951417,0.066301078,Asia,2016,0.22 ,0.15 ,0.12 ,0.05 ,0.04 ,0.01 ,0.59 
36,Qatar,6.375,1.824265599,0.879637301,0.717229843,0.566785216,0.323877066,0.480493426,Asia,2016,0.29 ,0.14 ,0.11 ,0.09 ,0.05 ,0.08 ,0.75 
37,Spain,6.361,1.342530847,1.129446745,0.878959715,0.375447303,0.176649779,0.061372794,Europe,2016,0.21 ,0.18 ,0.14 ,0.06 ,0.03 ,0.01 ,0.62 
38,Algeria,6.355,1.052660227,0.83308512,0.618043005,0.210056841,0.070441589,0.161569893,Africa,2016,0.17 ,0.13 ,0.10 ,0.03 ,0.01 ,0.03 ,0.46 
39,Guatemala,6.324,0.834544599,0.871189952,0.540386319,0.503786147,0.288083464,0.087014526,Americas,2016,0.13 ,0.14 ,0.09 ,0.08 ,0.05 ,0.01 ,0.49 
40,Suriname,6.269,1.096858859,0.778662622,0.50933373,0.522341907,0.166648671,0.12692143,Americas,2016,0.17 ,0.12 ,0.08 ,0.08 ,0.03 ,0.02 ,0.51 
41,Kuwait,6.239,1.617141366,0.877582967,0.635688484,0.431660771,0.159652606,0.236691728,Asia,2016,0.26 ,0.14 ,0.10 ,0.07 ,0.03 ,0.04 ,0.63 
42,Bahrain,6.218,1.440244079,0.94396764,0.656957924,0.473753095,0.171470031,0.257721454,Asia,2016,0.23 ,0.15 ,0.11 ,0.08 ,0.03 ,0.04 ,0.63 
43,Trinidad and Tobago,6.168,1.325716496,0.985685587,0.526080966,0.484528571,0.319347799,0.012409157,Americas,2016,0.21 ,0.16 ,0.09 ,0.08 ,0.05 ,0.00 ,0.59 
44,Venezuela,6.084,1.133673549,1.033022523,0.619042635,0.198472604,0.042504366,0.083041303,Americas,2016,0.19 ,0.17 ,0.10 ,0.03 ,0.01 ,0.01 ,0.51 
45,Slovakia,6.078,1.279725552,1.082675695,0.703670502,0.233906135,0.138371661,0.029473193,Europe,2016,0.21 ,0.18 ,0.12 ,0.04 ,0.02 ,0.00 ,0.57 
46,El Salvador,6.068,0.87369591,0.809750974,0.59600395,0.372685879,0.088773847,0.106125608,Americas,2016,0.14 ,0.13 ,0.10 ,0.06 ,0.01 ,0.02 ,0.47 
47,Malaysia,6.005,1.251420617,0.880245805,0.623655319,0.390308052,0.414735854,0.090813398,Asia,2016,0.21 ,0.15 ,0.10 ,0.06 ,0.07 ,0.02 ,0.61 
48,Nicaragua,5.992,0.693838418,0.895209551,0.652131021,0.465823591,0.297732264,0.162916645,Americas,2016,0.12 ,0.15 ,0.11 ,0.08 ,0.05 ,0.03 ,0.53 
49,Uzbekistan,5.987,0.735912979,1.168096423,0.50163275,0.60848254,0.343264252,0.283327252,Asia,2016,0.12 ,0.20 ,0.08 ,0.10 ,0.06 ,0.05 ,0.61 
50,Italy,5.977,1.354946852,1.041667461,0.851017892,0.188266635,0.166838825,0.02555649,Europe,2016,0.23 ,0.17 ,0.14 ,0.03 ,0.03 ,0.00 ,0.61 
51,Ecuador,5.976,0.973064899,0.859740674,0.686129689,0.402699977,0.100736052,0.180371672,Americas,2016,0.16 ,0.14 ,0.11 ,0.07 ,0.02 ,0.03 ,0.54 
52,Belize,5.956,0.876162708,0.686545849,0.455687672,0.512311637,0.236840621,0.1077113,Americas,2016,0.15 ,0.12 ,0.08 ,0.09 ,0.04 ,0.02 ,0.48 
53,Japan,5.921,1.38007319,1.060541987,0.914910614,0.467606604,0.102243334,0.189853474,Asia,2016,0.23 ,0.18 ,0.15 ,0.08 ,0.02 ,0.03 ,0.70 
54,Kazakhstan,5.919,1.229428291,0.955435932,0.573857725,0.40520218,0.150109679,0.111316212,Asia,2016,0.21 ,0.16 ,0.10 ,0.07 ,0.03 ,0.02 ,0.58 
55,Moldova,5.897,0.691769421,0.831317425,0.523085415,0.252024621,0.199973464,0.019030778,Europe,2016,0.12 ,0.14 ,0.09 ,0.04 ,0.03 ,0.00 ,0.43 
56,Russia,5.856,1.232281923,1.052608132,0.589905679,0.326817214,0.02736127,0.035856802,Europe,2016,0.21 ,0.18 ,0.10 ,0.06 ,0.00 ,0.01 ,0.56 
57,Poland,5.835,1.245846987,1.04684782,0.690581024,0.45190239,0.144434735,0.054995816,Europe,2016,0.21 ,0.18 ,0.12 ,0.08 ,0.02 ,0.01 ,0.62 
58,South Korea,5.835,1.359476805,0.721935272,0.886448503,0.251680881,0.188236162,0.077156268,Asia,2016,0.23 ,0.12 ,0.15 ,0.04 ,0.03 ,0.01 ,0.60 
59,Bolivia,5.822,0.79421556,0.837788463,0.469702065,0.509607852,0.216978401,0.077457048,Americas,2016,0.14 ,0.14 ,0.08 ,0.09 ,0.04 ,0.01 ,0.50 
60,Lithuania,5.813,1.269200087,1.064109921,0.646744013,0.18928887,0.020247009,0.018196519,Europe,2016,0.22 ,0.18 ,0.11 ,0.03 ,0.00 ,0.00 ,0.55 
61,Belarus,5.802,1.130622387,1.049929738,0.631036282,0.290910363,0.139418796,0.174569637,Europe,2016,0.19 ,0.18 ,0.11 ,0.05 ,0.02 ,0.03 ,0.59 
62,North Cyprus,5.771,1.311412096,0.81825912,0.841418028,0.435961962,0.263217747,0.165783241,Asia,2016,0.23 ,0.14 ,0.15 ,0.08 ,0.05 ,0.03 ,0.66 
63,Slovenia,5.768,1.29946506,1.056134582,0.791508019,0.531639218,0.257384598,0.036349814,Europe,2016,0.23 ,0.18 ,0.14 ,0.09 ,0.04 ,0.01 ,0.69 
64,Peru,5.743,0.996017814,0.812553644,0.629942834,0.375016838,0.145270541,0.052919939,Americas,2016,0.17 ,0.14 ,0.11 ,0.07 ,0.03 ,0.01 ,0.52 
65,Turkmenistan,5.658,1.080170751,1.038174391,0.440057486,0.374077529,0.225665107,0.284671992,Asia,2016,0.19 ,0.18 ,0.08 ,0.07 ,0.04 ,0.05 ,0.61 
66,Mauritius,5.648,1.143722653,0.7569502,0.661886156,0.46144712,0.369510621,0.052029993,Africa,2016,0.20 ,0.13 ,0.12 ,0.08 ,0.07 ,0.01 ,0.61 
67,Libya,5.615,1.066875935,0.950764835,0.523042977,0.406719416,0.170868352,0.103392102,Africa,2016,0.19 ,0.17 ,0.09 ,0.07 ,0.03 ,0.02 ,0.57 
68,Latvia,5.56,1.217876792,0.950254142,0.639524221,0.279956311,0.174453154,0.088895261,Europe,2016,0.22 ,0.17 ,0.12 ,0.05 ,0.03 ,0.02 ,0.60 
69,Cyprus,5.546,1.318565488,0.706973851,0.848804116,0.295066029,0.279059798,0.052277435,Asia,2016,0.24 ,0.13 ,0.15 ,0.05 ,0.05 ,0.01 ,0.63 
70,Paraguay,5.538,0.893729806,1.111106753,0.582954884,0.46235162,0.252958059,0.073959857,Americas,2016,0.16 ,0.20 ,0.11 ,0.08 ,0.05 ,0.01 ,0.61 
71,Romania,5.528,1.169700027,0.728026032,0.67602092,0.367121756,0.128893197,0.006788756,Europe,2016,0.21 ,0.13 ,0.12 ,0.07 ,0.02 ,0.00 ,0.56 
72,Estonia,5.517,1.279636979,1.051626801,0.680980504,0.415114403,0.084225267,0.185190409,Europe,2016,0.23 ,0.19 ,0.12 ,0.08 ,0.02 ,0.03 ,0.67 
73,Jamaica,5.51,0.893330693,0.963718593,0.5946877,0.435969591,0.222449809,0.042939641,Americas,2016,0.16 ,0.17 ,0.11 ,0.08 ,0.04 ,0.01 ,0.57 
74,Croatia,5.488,1.186485887,0.608087182,0.705240667,0.239070639,0.184344918,0.040024605,Europe,2016,0.22 ,0.11 ,0.13 ,0.04 ,0.03 ,0.01 ,0.54 
75,Hong Kong,5.458,1.510701537,0.870208204,0.952773213,0.480789185,0.400968164,0.316466331,Asia,2016,0.28 ,0.16 ,0.17 ,0.09 ,0.07 ,0.06 ,0.83 
76,Somalia,5.44,0,0.336134076,0.114662275,0.567781329,0.272246689,0.311798036,Africa,2016,0.00 ,0.06 ,0.02 ,0.10 ,0.05 ,0.06 ,0.29 
77,Kosovo,5.401,0.901451945,0.660622716,0.540003181,0.143963769,0.279919446,0.065471202,,2016,0.17 ,0.12 ,0.10 ,0.03 ,0.05 ,0.01 ,0.48 
78,Turkey,5.389,1.164921641,0.87717098,0.647183418,0.238888025,0.0470687,0.123479202,Asia,2016,0.22 ,0.16 ,0.12 ,0.04 ,0.01 ,0.02 ,0.58 
79,Indonesia,5.314,0.951040626,0.87625128,0.493741304,0.392365605,0.565213919,0.003222997,Asia,2016,0.18 ,0.16 ,0.09 ,0.07 ,0.11 ,0.00 ,0.62 
80,Jordan,5.303,0.996726453,0.862160563,0.607119262,0.360229939,0.142622128,0.132970601,Asia,2016,0.19 ,0.16 ,0.11 ,0.07 ,0.03 ,0.03 ,0.58 
81,Azerbaijan,5.291,1.123732328,0.76042366,0.545036376,0.353265971,0.056396302,0.179136723,Asia,2016,0.21 ,0.14 ,0.10 ,0.07 ,0.01 ,0.03 ,0.57 
82,Philippines,5.279,0.812171459,0.87877202,0.470356584,0.548538148,0.216740772,0.117567897,Asia,2016,0.15 ,0.17 ,0.09 ,0.10 ,0.04 ,0.02 ,0.58 
83,China,5.245,1.027797103,0.793808103,0.735614955,0.440123588,0.049588207,0.027451765,Asia,2016,0.20 ,0.15 ,0.14 ,0.08 ,0.01 ,0.01 ,0.59 
84,Bhutan,5.196,0.85269922,0.908361614,0.497591704,0.460738599,0.485455036,0.161598593,Asia,2016,0.16 ,0.17 ,0.10 ,0.09 ,0.09 ,0.03 ,0.65 
85,Kyrgyzstan,5.185,0.560443997,0.954338312,0.554490626,0.402119219,0.384315312,0.047621343,Asia,2016,0.11 ,0.18 ,0.11 ,0.08 ,0.07 ,0.01 ,0.56 
86,Serbia,5.177,1.034370899,0.813292861,0.645801246,0.157181978,0.20736517,0.043391395,Europe,2016,0.20 ,0.16 ,0.12 ,0.03 ,0.04 ,0.01 ,0.56 
87,Bosnia and Herzegovina,5.163,0.93382591,0.643669307,0.707662225,0.095113359,0.298890561,0,Europe,2016,0.18 ,0.12 ,0.14 ,0.02 ,0.06 ,0.00 ,0.52 
88,Montenegro,5.161,1.078377247,0.741729081,0.635325789,0.151106626,0.171912715,0.12721251,Europe,2016,0.21 ,0.14 ,0.12 ,0.03 ,0.03 ,0.02 ,0.56 
89,Dominican Republic,5.155,1.027870893,0.994959295,0.576689005,0.522585511,0.212857142,0.12371701,Americas,2016,0.20 ,0.19 ,0.11 ,0.10 ,0.04 ,0.02 ,0.67 
90,Morocco,5.151,0.840575635,0.385954618,0.594714701,0.256462544,0.040528033,0.084042557,Africa,2016,0.16 ,0.07 ,0.12 ,0.05 ,0.01 ,0.02 ,0.43 
91,Hungary,5.145,1.241419196,0.9316383,0.676083803,0.197703317,0.098998934,0.044721223,Europe,2016,0.24 ,0.18 ,0.13 ,0.04 ,0.02 ,0.01 ,0.62 
92,Pakistan,5.132,0.688163638,0.261352569,0.403063834,0.146219745,0.311846018,0.138804361,Asia,2016,0.13 ,0.05 ,0.08 ,0.03 ,0.06 ,0.03 ,0.38 
93,Lebanon,5.129,1.122678638,0.641836703,0.761709571,0.262280792,0.236933082,0.030606575,Asia,2016,0.22 ,0.13 ,0.15 ,0.05 ,0.05 ,0.01 ,0.60 
94,Portugal,5.123,1.276074409,0.943668902,0.793625772,0.447265118,0.116906412,0.015205773,Europe,2016,0.25 ,0.18 ,0.15 ,0.09 ,0.02 ,0.00 ,0.70 
95,Macedonia,5.121,1.019297957,0.782356858,0.64737922,0.276682049,0.235072523,0.070470847,Europe,2016,0.20 ,0.15 ,0.13 ,0.05 ,0.05 ,0.01 ,0.59 
96,Vietnam,5.061,0.740374327,0.79116708,0.661565065,0.559541166,0.250752568,0.115562074,Asia,2016,0.15 ,0.16 ,0.13 ,0.11 ,0.05 ,0.02 ,0.62 
97,Somaliland region,5.057,0.255577445,0.758623481,0.331076115,0.391295016,0.514790654,0.367940843,Africa,2016,0.05 ,0.15 ,0.07 ,0.08 ,0.10 ,0.07 ,0.52 
98,Tunisia,5.045,0.977238595,0.431648046,0.595766008,0.235527888,0.039361522,0.081698492,Africa,2016,0.19 ,0.09 ,0.12 ,0.05 ,0.01 ,0.02 ,0.47 
99,Greece,5.033,1.248862028,0.754731655,0.800289333,0.058221195,0,0.041272469,Europe,2016,0.25 ,0.15 ,0.16 ,0.01 ,0.00 ,0.01 ,0.58 
100,Tajikistan,4.996,0.488349199,0.756024659,0.531185448,0.434081018,0.259979695,0.135088935,Asia,2016,0.10 ,0.15 ,0.11 ,0.09 ,0.05 ,0.03 ,0.52 
101,Mongolia,4.907,0.988527238,1.089830875,0.554693222,0.35971877,0.345385551,0.032850172,Asia,2016,0.20 ,0.22 ,0.11 ,0.07 ,0.07 ,0.01 ,0.69 
102,Laos,4.876,0.680423439,0.549695015,0.382905632,0.521675408,0.43078813,0.224229053,Asia,2016,0.14 ,0.11 ,0.08 ,0.11 ,0.09 ,0.05 ,0.57 
103,Nigeria,4.875,0.752163231,0.644979417,0.05107902,0.278538823,0.232186615,0.030501828,Africa,2016,0.15 ,0.13 ,0.01 ,0.06 ,0.05 ,0.01 ,0.41 
104,Honduras,4.871,0.694292605,0.755958438,0.583828628,0.267550528,0.204403043,0.069061995,Americas,2016,0.14 ,0.16 ,0.12 ,0.05 ,0.04 ,0.01 ,0.53 
105,Iran,4.813,1.11757791,0.38857168,0.642323375,0.225437149,0.385382473,0.055696428,Asia,2016,0.23 ,0.08 ,0.13 ,0.05 ,0.08 ,0.01 ,0.58 
106,Zambia,4.795,0.612021744,0.637601912,0.235732168,0.42661646,0.17865707,0.114790618,Africa,2016,0.13 ,0.13 ,0.05 ,0.09 ,0.04 ,0.02 ,0.46 
107,Nepal,4.793,0.446257055,0.696985006,0.500729203,0.370115995,0.381596237,0.070081405,Asia,2016,0.09 ,0.15 ,0.10 ,0.08 ,0.08 ,0.01 ,0.51 
108,Palestinian Territories,4.754,0.670235455,0.716294169,0.568437994,0.177438766,0.111536279,0.106133856,Asia,2016,0.14 ,0.15 ,0.12 ,0.04 ,0.02 ,0.02 ,0.49 
109,Albania,4.655,0.955302894,0.501627386,0.730069757,0.318660259,0.168395013,0.053009737,Europe,2016,0.21 ,0.11 ,0.16 ,0.07 ,0.04 ,0.01 ,0.59 
110,Bangladesh,4.643,0.541766882,0.247490913,0.529888511,0.397775203,0.191324383,0.12583366,Asia,2016,0.12 ,0.05 ,0.11 ,0.09 ,0.04 ,0.03 ,0.44 
111,Sierra Leone,4.635,0.364854157,0.628003418,0,0.306851208,0.238972127,0.081962265,Africa,2016,0.08 ,0.14 ,0.00 ,0.07 ,0.05 ,0.02 ,0.35 
112,Iraq,4.575,1.07474339,0.592047036,0.510759652,0.248559147,0.195888206,0.136355549,Asia,2016,0.23 ,0.13 ,0.11 ,0.05 ,0.04 ,0.03 ,0.60 
113,Namibia,4.574,0.932872117,0.703617692,0.34745428,0.486137927,0.077949628,0.103975952,Africa,2016,0.20 ,0.15 ,0.08 ,0.11 ,0.02 ,0.02 ,0.58 
114,Cameroon,4.513,0.524972677,0.62541908,0.126975924,0.427361518,0.226795286,0.061263487,Africa,2016,0.12 ,0.14 ,0.03 ,0.09 ,0.05 ,0.01 ,0.44 
115,Ethiopia,4.508,0.292833269,0.37931633,0.34577632,0.36702913,0.295218557,0.171699375,Africa,2016,0.06 ,0.08 ,0.08 ,0.08 ,0.07 ,0.04 ,0.41 
116,South Africa,4.459,1.024164915,0.960533559,0.18610996,0.424825251,0.136563376,0.084154382,Africa,2016,0.23 ,0.22 ,0.04 ,0.10 ,0.03 ,0.02 ,0.63 
117,Sri Lanka,4.415,0.973177612,0.847829461,0.620068312,0.508171797,0.469782919,0.079638049,Asia,2016,0.22 ,0.19 ,0.14 ,0.12 ,0.11 ,0.02 ,0.79 
118,India,4.404,0.740358531,0.292474449,0.450911433,0.402845562,0.250284731,0.087221779,Asia,2016,0.17 ,0.07 ,0.10 ,0.09 ,0.06 ,0.02 ,0.51 
119,Myanmar,4.395,0.341123313,0.699811459,0.398799539,0.426919222,0.819711149,0.202434525,Asia,2016,0.08 ,0.16 ,0.09 ,0.10 ,0.19 ,0.05 ,0.66 
120,Egypt,4.362,0.953951299,0.498131216,0.521161914,0.188465044,0.12706089,0.103929445,Africa,2016,0.22 ,0.11 ,0.12 ,0.04 ,0.03 ,0.02 ,0.55 
121,Armenia,4.36,0.860859156,0.624768198,0.640833914,0.14037241,0.077928573,0.036157168,Asia,2016,0.20 ,0.14 ,0.15 ,0.03 ,0.02 ,0.01 ,0.55 
122,Kenya,4.356,0.522671163,0.762397349,0.301471651,0.405755043,0.413277924,0.066859066,Africa,2016,0.12 ,0.18 ,0.07 ,0.09 ,0.09 ,0.02 ,0.57 
123,Ukraine,4.324,0.872869015,1.014131546,0.586279273,0.12858887,0.203627124,0.018293051,Europe,2016,0.20 ,0.23 ,0.14 ,0.03 ,0.05 ,0.00 ,0.65 
124,Ghana,4.276,0.631068647,0.493525058,0.296813399,0.409732223,0.212032646,0.032602906,Africa,2016,0.15 ,0.12 ,0.07 ,0.10 ,0.05 ,0.01 ,0.49 
125,Congo (Kinshasa),4.272,0.056606013,0.806764662,0.188003927,0.15601705,0.254578084,0.060748998,Africa,2016,0.01 ,0.19 ,0.04 ,0.04 ,0.06 ,0.01 ,0.36 
126,Georgia,4.252,0.8379246,0.192494437,0.64034605,0.324610114,0.067858882,0.31879583,Asia,2016,0.20 ,0.05 ,0.15 ,0.08 ,0.02 ,0.07 ,0.56 
127,Congo (Brazzaville),4.236,0.771092892,0.477987349,0.282115191,0.379376739,0.120770879,0.09752927,Africa,2016,0.18 ,0.11 ,0.07 ,0.09 ,0.03 ,0.02 ,0.50 
128,Senegal,4.219,0.44313702,0.77415967,0.404569447,0.310557932,0.19103384,0.116809212,Africa,2016,0.11 ,0.18 ,0.10 ,0.07 ,0.05 ,0.03 ,0.53 
129,Bulgaria,4.217,1.113064647,0.925417423,0.67805624,0.212191105,0.127929702,0.00615381,Europe,2016,0.26 ,0.22 ,0.16 ,0.05 ,0.03 ,0.00 ,0.73 
130,Mauritania,4.201,0.613908052,0.841419697,0.286394596,0.126799494,0.226863608,0.179548815,Africa,2016,0.15 ,0.20 ,0.07 ,0.03 ,0.05 ,0.04 ,0.54 
131,Zimbabwe,4.193,0.350409836,0.714784801,0.159500897,0.254289746,0.185030311,0.085816585,Africa,2016,0.08 ,0.17 ,0.04 ,0.06 ,0.04 ,0.02 ,0.42 
132,Malawi,4.156,0.087093957,0.147002205,0.293644875,0.414301723,0.309678584,0.075636759,Africa,2016,0.02 ,0.04 ,0.07 ,0.10 ,0.07 ,0.02 ,0.32 
133,Sudan,4.139,0.630690753,0.819282651,0.29759115,0,0.18077454,0.100387059,Africa,2016,0.15 ,0.20 ,0.07 ,0.00 ,0.04 ,0.02 ,0.49 
134,Gabon,4.121,1.158508897,0.723678648,0.349404246,0.280975461,0.062437054,0.093141817,Africa,2016,0.28 ,0.18 ,0.08 ,0.07 ,0.02 ,0.02 ,0.65 
135,Mali,4.073,0.312924176,0.863327265,0.163471952,0.275439262,0.210641325,0.13646628,Africa,2016,0.08 ,0.21 ,0.04 ,0.07 ,0.05 ,0.03 ,0.48 
136,Haiti,4.028,0.340972722,0.295613825,0.274940819,0.120723948,0.479578078,0.144757867,Americas,2016,0.08 ,0.07 ,0.07 ,0.03 ,0.12 ,0.04 ,0.41 
137,Botswana,3.974,1.094257355,0.891864955,0.347515285,0.440892041,0.124251723,0.10769476,Africa,2016,0.28 ,0.22 ,0.09 ,0.11 ,0.03 ,0.03 ,0.76 
138,Comoros,3.956,0.275094002,0.603230715,0.299808353,0.154117793,0.182702526,0.184365198,Africa,2016,0.07 ,0.15 ,0.08 ,0.04 ,0.05 ,0.05 ,0.43 
139,Ivory Coast,3.916,0.55506587,0.575758815,0.044759069,0.406628996,0.203382105,0.155298561,Africa,2016,0.14 ,0.15 ,0.01 ,0.10 ,0.05 ,0.04 ,0.50 
140,Cambodia,3.907,0.556039333,0.537498176,0.424944222,0.588519156,0.403388411,0.080922894,Asia,2016,0.14 ,0.14 ,0.11 ,0.15 ,0.10 ,0.02 ,0.66 
141,Angola,3.866,0.847309828,0.663659394,0.049912684,0.005886351,0.120707437,0.084338747,Africa,2016,0.22 ,0.17 ,0.01 ,0.00 ,0.03 ,0.02 ,0.46 
142,Niger,3.856,0.1327025,0.605297446,0.261615485,0.3804079,0.209700525,0.171763912,Africa,2016,0.03 ,0.16 ,0.07 ,0.10 ,0.05 ,0.04 ,0.46 
143,South Sudan,3.832,0.393936366,0.185187027,0.157813624,0.196624979,0.258987993,0.13015157,Africa,2016,0.10 ,0.05 ,0.04 ,0.05 ,0.07 ,0.03 ,0.35 
144,Chad,3.763,0.422141939,0.631775618,0.038235091,0.128071576,0.186667085,0.049524732,Africa,2016,0.11 ,0.17 ,0.01 ,0.03 ,0.05 ,0.01 ,0.39 
145,Burkina Faso,3.739,0.319952011,0.630537152,0.212966383,0.333697379,0.243525133,0.125326842,Africa,2016,0.09 ,0.17 ,0.06 ,0.09 ,0.07 ,0.03 ,0.50 
146,Uganda,3.739,0.347185254,0.909812272,0.196249619,0.436530262,0.271018267,0.064420924,Africa,2016,0.09 ,0.24 ,0.05 ,0.12 ,0.07 ,0.02 ,0.60 
147,Yemen,3.724,0.57938844,0.474931449,0.310475528,0.22869572,0.098209225,0.058922391,Asia,2016,0.16 ,0.13 ,0.08 ,0.06 ,0.03 ,0.02 ,0.47 
148,Madagascar,3.695,0.279543608,0.46115467,0.371090263,0.13683778,0.220397666,0.075058505,Africa,2016,0.08 ,0.12 ,0.10 ,0.04 ,0.06 ,0.02 ,0.42 
149,Tanzania,3.666,0.471546322,0.776233137,0.356999546,0.31760186,0.314717621,0.050989658,Africa,2016,0.13 ,0.21 ,0.10 ,0.09 ,0.09 ,0.01 ,0.62 
150,Liberia,3.622,0.107063256,0.503526747,0.231654659,0.257483155,0.2406293,0.048521545,Africa,2016,0.03 ,0.14 ,0.06 ,0.07 ,0.07 ,0.01 ,0.38 
151,Guinea,3.607,0.224151656,0.310899138,0.188288182,0.309527636,0.299137384,0.119202852,Africa,2016,0.06 ,0.09 ,0.05 ,0.09 ,0.08 ,0.03 ,0.40 
152,Rwanda,3.515,0.328461111,0.615862489,0.318650216,0.543197215,0.235517174,0.505208671,Africa,2016,0.09 ,0.18 ,0.09 ,0.15 ,0.07 ,0.14 ,0.72 
153,Benin,3.484,0.394992262,0.104188949,0.210283667,0.397465467,0.201800823,0.066805065,Africa,2016,0.11 ,0.03 ,0.06 ,0.11 ,0.06 ,0.02 ,0.39 
154,Afghanistan,3.36,0.382265657,0.110368498,0.173436046,0.164304629,0.312679827,0.071116321,Asia,2016,0.11 ,0.03 ,0.05 ,0.05 ,0.09 ,0.02 ,0.36 
155,Togo,3.303,0.281226516,0,0.248112172,0.346780658,0.175168142,0.115871899,Africa,2016,0.09 ,0.00 ,0.08 ,0.10 ,0.05 ,0.04 ,0.35 
156,Syria,3.069,0.74718523,0.148658514,0.62993592,0.069124863,0.483968765,0.172329709,Asia,2016,0.24 ,0.05 ,0.21 ,0.02 ,0.16 ,0.06 ,0.73 
157,Burundi,2.905,0.068309732,0.234424442,0.157467261,0.04320135,0.202902168,0.094187506,Africa,2016,0.02 ,0.08 ,0.05 ,0.01 ,0.07 ,0.03 ,0.28 
1,Norway,7.537,1.616,1.534,0.797,0.635,0.362,0.316,Europe,2017,0.21 ,0.20 ,0.11 ,0.08 ,0.05 ,0.04 ,0.70 
2,Denmark,7.522,1.482,1.551,0.793,0.626,0.355,0.401,Europe,2017,0.20 ,0.21 ,0.11 ,0.08 ,0.05 ,0.05 ,0.69 
3,Iceland,7.504,1.481,1.611,0.834,0.627,0.476,0.154,Europe,2017,0.20 ,0.21 ,0.11 ,0.08 ,0.06 ,0.02 ,0.69 
4,Switzerland,7.494,1.565,1.517,0.858,0.62,0.291,0.367,Europe,2017,0.21 ,0.20 ,0.11 ,0.08 ,0.04 ,0.05 ,0.70 
5,Finland,7.469,1.444,1.54,0.809,0.618,0.245,0.383,Europe,2017,0.19 ,0.21 ,0.11 ,0.08 ,0.03 ,0.05 ,0.67 
6,Netherlands,7.377,1.504,1.429,0.811,0.585,0.47,0.283,Europe,2017,0.20 ,0.19 ,0.11 ,0.08 ,0.06 ,0.04 ,0.69 
7,Canada,7.316,1.479,1.481,0.835,0.611,0.436,0.287,Americas,2017,0.20 ,0.20 ,0.11 ,0.08 ,0.06 ,0.04 ,0.70 
8,New Zealand,7.314,1.406,1.548,0.817,0.614,0.5,0.383,Oceania,2017,0.19 ,0.21 ,0.11 ,0.08 ,0.07 ,0.05 ,0.72 
9,Sweden,7.284,1.494,1.478,0.831,0.613,0.385,0.384,Europe,2017,0.21 ,0.20 ,0.11 ,0.08 ,0.05 ,0.05 ,0.71 
10,Australia,7.284,1.484,1.51,0.844,0.602,0.478,0.301,Oceania,2017,0.20 ,0.21 ,0.12 ,0.08 ,0.07 ,0.04 ,0.72 
11,Israel,7.213,1.375,1.376,0.838,0.406,0.33,0.085,Asia,2017,0.19 ,0.19 ,0.12 ,0.06 ,0.05 ,0.01 ,0.61 
12,Costa Rica,7.079,1.11,1.416,0.76,0.58,0.215,0.1,Americas,2017,0.16 ,0.20 ,0.11 ,0.08 ,0.03 ,0.01 ,0.59 
13,Austria,7.006,1.487,1.46,0.815,0.568,0.316,0.221,Europe,2017,0.21 ,0.21 ,0.12 ,0.08 ,0.05 ,0.03 ,0.69 
14,United States,6.993,1.546,1.42,0.774,0.506,0.393,0.136,Americas,2017,0.22 ,0.20 ,0.11 ,0.07 ,0.06 ,0.02 ,0.68 
15,Ireland,6.977,1.536,1.558,0.81,0.573,0.428,0.298,Europe,2017,0.22 ,0.22 ,0.12 ,0.08 ,0.06 ,0.04 ,0.75 
16,Germany,6.951,1.488,1.473,0.799,0.563,0.336,0.277,Europe,2017,0.21 ,0.21 ,0.11 ,0.08 ,0.05 ,0.04 ,0.71 
17,Belgium,6.891,1.464,1.462,0.818,0.54,0.232,0.251,Europe,2017,0.21 ,0.21 ,0.12 ,0.08 ,0.03 ,0.04 ,0.69 
18,Luxembourg,6.863,1.742,1.458,0.845,0.597,0.283,0.319,Europe,2017,0.25 ,0.21 ,0.12 ,0.09 ,0.04 ,0.05 ,0.76 
19,United Kingdom,6.714,1.442,1.496,0.805,0.508,0.493,0.265,Europe,2017,0.21 ,0.22 ,0.12 ,0.08 ,0.07 ,0.04 ,0.75 
20,Chile,6.652,1.253,1.284,0.819,0.377,0.327,0.082,Americas,2017,0.19 ,0.19 ,0.12 ,0.06 ,0.05 ,0.01 ,0.62 
21,United Arab Emirates,6.648,1.626,1.266,0.727,0.608,0.361,0.324,Asia,2017,0.24 ,0.19 ,0.11 ,0.09 ,0.05 ,0.05 ,0.74 
22,Brazil,6.635,1.107,1.431,0.617,0.437,0.162,0.111,Americas,2017,0.17 ,0.22 ,0.09 ,0.07 ,0.02 ,0.02 ,0.58 
23,Czech Republic,6.609,1.353,1.434,0.754,0.491,0.088,0.037,Europe,2017,0.20 ,0.22 ,0.11 ,0.07 ,0.01 ,0.01 ,0.63 
24,Argentina,6.599,1.185,1.44,0.695,0.495,0.109,0.06,Americas,2017,0.18 ,0.22 ,0.11 ,0.08 ,0.02 ,0.01 ,0.60 
25,Mexico,6.578,1.153,1.211,0.71,0.413,0.121,0.133,Americas,2017,0.18 ,0.18 ,0.11 ,0.06 ,0.02 ,0.02 ,0.57 
26,Singapore,6.572,1.692,1.354,0.949,0.55,0.346,0.464,Asia,2017,0.26 ,0.21 ,0.14 ,0.08 ,0.05 ,0.07 ,0.81 
27,Malta,6.527,1.343,1.488,0.822,0.589,0.575,0.153,Europe,2017,0.21 ,0.23 ,0.13 ,0.09 ,0.09 ,0.02 ,0.76 
28,Uruguay,6.454,1.218,1.412,0.719,0.579,0.175,0.178,Americas,2017,0.19 ,0.22 ,0.11 ,0.09 ,0.03 ,0.03 ,0.66 
29,Guatemala,6.454,0.872,1.256,0.54,0.531,0.283,0.077,Americas,2017,0.14 ,0.19 ,0.08 ,0.08 ,0.04 ,0.01 ,0.55 
30,Panama,6.452,1.234,1.373,0.706,0.55,0.211,0.071,Americas,2017,0.19 ,0.21 ,0.11 ,0.09 ,0.03 ,0.01 ,0.64 
31,France,6.442,1.431,1.388,0.844,0.47,0.13,0.173,Europe,2017,0.22 ,0.22 ,0.13 ,0.07 ,0.02 ,0.03 ,0.69 
32,Thailand,6.424,1.128,1.426,0.647,0.58,0.572,0.032,Asia,2017,0.18 ,0.22 ,0.10 ,0.09 ,0.09 ,0.00 ,0.68 
33,Taiwan Province of China,6.422,1.434,1.385,0.794,0.361,0.258,0.064,Asia,2017,0.22 ,0.22 ,0.12 ,0.06 ,0.04 ,0.01 ,0.67 
34,Spain,6.403,1.384,1.532,0.889,0.409,0.19,0.071,Europe,2017,0.22 ,0.24 ,0.14 ,0.06 ,0.03 ,0.01 ,0.70 
35,Qatar,6.375,1.871,1.274,0.71,0.604,0.33,0.439,Asia,2017,0.29 ,0.20 ,0.11 ,0.09 ,0.05 ,0.07 ,0.82 
36,Colombia,6.357,1.071,1.402,0.595,0.477,0.149,0.047,Americas,2017,0.17 ,0.22 ,0.09 ,0.08 ,0.02 ,0.01 ,0.59 
37,Saudi Arabia,6.344,1.531,1.287,0.59,0.45,0.148,0.273,Asia,2017,0.24 ,0.20 ,0.09 ,0.07 ,0.02 ,0.04 ,0.67 
38,Trinidad and Tobago,6.168,1.361,1.38,0.52,0.519,0.325,0.009,Americas,2017,0.22 ,0.22 ,0.08 ,0.08 ,0.05 ,0.00 ,0.67 
39,Kuwait,6.105,1.633,1.26,0.632,0.496,0.228,0.215,Asia,2017,0.27 ,0.21 ,0.10 ,0.08 ,0.04 ,0.04 ,0.73 
40,Slovakia,6.098,1.325,1.505,0.713,0.296,0.137,0.024,Europe,2017,0.22 ,0.25 ,0.12 ,0.05 ,0.02 ,0.00 ,0.66 
41,Bahrain,6.087,1.488,1.323,0.653,0.537,0.173,0.257,Asia,2017,0.24 ,0.22 ,0.11 ,0.09 ,0.03 ,0.04 ,0.73 
42,Malaysia,6.084,1.291,1.285,0.619,0.402,0.417,0.066,Asia,2017,0.21 ,0.21 ,0.10 ,0.07 ,0.07 ,0.01 ,0.67 
43,Nicaragua,6.071,0.737,1.287,0.653,0.448,0.302,0.131,Americas,2017,0.12 ,0.21 ,0.11 ,0.07 ,0.05 ,0.02 ,0.59 
44,Ecuador,6.008,1.001,1.286,0.686,0.455,0.15,0.14,Americas,2017,0.17 ,0.21 ,0.11 ,0.08 ,0.02 ,0.02 ,0.62 
45,El Salvador,6.003,0.91,1.182,0.596,0.432,0.078,0.09,Americas,2017,0.15 ,0.20 ,0.10 ,0.07 ,0.01 ,0.01 ,0.55 
46,Poland,5.973,1.292,1.446,0.699,0.52,0.158,0.059,Europe,2017,0.22 ,0.24 ,0.12 ,0.09 ,0.03 ,0.01 ,0.70 
47,Uzbekistan,5.971,0.786,1.549,0.498,0.658,0.416,0.247,Asia,2017,0.13 ,0.26 ,0.08 ,0.11 ,0.07 ,0.04 ,0.70 
48,Italy,5.964,1.395,1.445,0.853,0.256,0.173,0.028,Europe,2017,0.23 ,0.24 ,0.14 ,0.04 ,0.03 ,0.00 ,0.70 
49,Russia,5.963,1.282,1.469,0.547,0.374,0.052,0.033,Europe,2017,0.21 ,0.25 ,0.09 ,0.06 ,0.01 ,0.01 ,0.63 
50,Belize,5.956,0.908,1.081,0.45,0.548,0.24,0.097,Americas,2017,0.15 ,0.18 ,0.08 ,0.09 ,0.04 ,0.02 ,0.56 
51,Japan,5.92,1.417,1.436,0.913,0.506,0.121,0.164,Asia,2017,0.24 ,0.24 ,0.15 ,0.09 ,0.02 ,0.03 ,0.77 
52,Lithuania,5.902,1.315,1.474,0.629,0.234,0.01,0.012,Europe,2017,0.22 ,0.25 ,0.11 ,0.04 ,0.00 ,0.00 ,0.62 
53,Algeria,5.872,1.092,1.146,0.618,0.233,0.069,0.146,Africa,2017,0.19 ,0.20 ,0.11 ,0.04 ,0.01 ,0.02 ,0.56 
54,Latvia,5.85,1.261,1.405,0.639,0.326,0.153,0.074,Europe,2017,0.22 ,0.24 ,0.11 ,0.06 ,0.03 ,0.01 ,0.66 
55,South Korea,5.838,1.402,1.128,0.9,0.258,0.207,0.063,Asia,2017,0.24 ,0.19 ,0.15 ,0.04 ,0.04 ,0.01 ,0.68 
56,Moldova,5.838,0.729,1.252,0.589,0.241,0.209,0.01,Europe,2017,0.12 ,0.21 ,0.10 ,0.04 ,0.04 ,0.00 ,0.52 
57,Romania,5.825,1.218,1.15,0.685,0.457,0.134,0.004,Europe,2017,0.21 ,0.20 ,0.12 ,0.08 ,0.02 ,0.00 ,0.63 
58,Bolivia,5.823,0.834,1.228,0.474,0.559,0.226,0.06,Americas,2017,0.14 ,0.21 ,0.08 ,0.10 ,0.04 ,0.01 ,0.58 
59,Turkmenistan,5.822,1.131,1.493,0.438,0.418,0.25,0.259,Asia,2017,0.19 ,0.26 ,0.08 ,0.07 ,0.04 ,0.04 ,0.69 
60,Kazakhstan,5.819,1.285,1.384,0.606,0.437,0.202,0.119,Asia,2017,0.22 ,0.24 ,0.10 ,0.08 ,0.03 ,0.02 ,0.69 
61,North Cyprus,5.81,1.347,1.186,0.835,0.471,0.267,0.155,Asia,2017,0.23 ,0.20 ,0.14 ,0.08 ,0.05 ,0.03 ,0.73 
62,Slovenia,5.758,1.341,1.453,0.791,0.573,0.243,0.045,Europe,2017,0.23 ,0.25 ,0.14 ,0.10 ,0.04 ,0.01 ,0.77 
63,Peru,5.715,1.035,1.219,0.63,0.45,0.127,0.047,Americas,2017,0.18 ,0.21 ,0.11 ,0.08 ,0.02 ,0.01 ,0.61 
64,Mauritius,5.629,1.189,1.21,0.638,0.491,0.361,0.042,Africa,2017,0.21 ,0.21 ,0.11 ,0.09 ,0.06 ,0.01 ,0.70 
65,Cyprus,5.621,1.356,1.131,0.845,0.355,0.271,0.041,Asia,2017,0.24 ,0.20 ,0.15 ,0.06 ,0.05 ,0.01 ,0.71 
66,Estonia,5.611,1.321,1.477,0.695,0.479,0.099,0.183,Europe,2017,0.24 ,0.26 ,0.12 ,0.09 ,0.02 ,0.03 ,0.76 
67,Belarus,5.569,1.157,1.445,0.638,0.295,0.155,0.156,Europe,2017,0.21 ,0.26 ,0.11 ,0.05 ,0.03 ,0.03 ,0.69 
68,Libya,5.525,1.102,1.358,0.52,0.466,0.152,0.093,Africa,2017,0.20 ,0.25 ,0.09 ,0.08 ,0.03 ,0.02 ,0.67 
69,Turkey,5.5,1.198,1.338,0.638,0.301,0.047,0.1,Asia,2017,0.22 ,0.24 ,0.12 ,0.05 ,0.01 ,0.02 ,0.66 
70,Paraguay,5.493,0.933,1.507,0.579,0.474,0.224,0.091,Americas,2017,0.17 ,0.27 ,0.11 ,0.09 ,0.04 ,0.02 ,0.69 
71,"Hong Kong S.A.R., China",5.472,1.552,1.263,0.943,0.491,0.374,0.294,Asia,2017,0.28 ,0.23 ,0.17 ,0.09 ,0.07 ,0.05 ,0.90 
72,Philippines,5.43,0.858,1.254,0.468,0.585,0.194,0.099,Asia,2017,0.16 ,0.23 ,0.09 ,0.11 ,0.04 ,0.02 ,0.64 
73,Serbia,5.395,1.069,1.258,0.651,0.209,0.22,0.041,Europe,2017,0.20 ,0.23 ,0.12 ,0.04 ,0.04 ,0.01 ,0.64 
74,Jordan,5.336,0.991,1.239,0.605,0.418,0.172,0.12,Asia,2017,0.19 ,0.23 ,0.11 ,0.08 ,0.03 ,0.02 ,0.66 
75,Hungary,5.324,1.286,1.343,0.688,0.176,0.078,0.037,Europe,2017,0.24 ,0.25 ,0.13 ,0.03 ,0.01 ,0.01 ,0.68 
76,Jamaica,5.311,0.926,1.368,0.641,0.474,0.234,0.055,Americas,2017,0.17 ,0.26 ,0.12 ,0.09 ,0.04 ,0.01 ,0.70 
77,Croatia,5.293,1.223,0.968,0.701,0.256,0.248,0.043,Europe,2017,0.23 ,0.18 ,0.13 ,0.05 ,0.05 ,0.01 ,0.65 
78,Kosovo,5.279,0.951,1.138,0.541,0.26,0.32,0.057,Europe,2017,0.18 ,0.22 ,0.10 ,0.05 ,0.06 ,0.01 ,0.62 
79,China,5.273,1.081,1.161,0.741,0.473,0.029,0.023,Asia,2017,0.21 ,0.22 ,0.14 ,0.09 ,0.01 ,0.00 ,0.67 
80,Pakistan,5.269,0.727,0.673,0.402,0.235,0.315,0.124,Asia,2017,0.14 ,0.13 ,0.08 ,0.04 ,0.06 ,0.02 ,0.47 
81,Indonesia,5.262,0.996,1.274,0.492,0.443,0.612,0.015,Asia,2017,0.19 ,0.24 ,0.09 ,0.08 ,0.12 ,0.00 ,0.73 
82,Venezuela,5.25,1.128,1.431,0.617,0.154,0.065,0.064,Americas,2017,0.21 ,0.27 ,0.12 ,0.03 ,0.01 ,0.01 ,0.66 
83,Montenegro,5.237,1.121,1.238,0.667,0.195,0.198,0.088,Europe,2017,0.21 ,0.24 ,0.13 ,0.04 ,0.04 ,0.02 ,0.67 
84,Morocco,5.235,0.878,0.775,0.598,0.408,0.032,0.088,Africa,2017,0.17 ,0.15 ,0.11 ,0.08 ,0.01 ,0.02 ,0.53 
85,Azerbaijan,5.234,1.154,1.152,0.541,0.398,0.045,0.181,Asia,2017,0.22 ,0.22 ,0.10 ,0.08 ,0.01 ,0.03 ,0.66 
86,Dominican Republic,5.23,1.079,1.402,0.575,0.553,0.187,0.114,Americas,2017,0.21 ,0.27 ,0.11 ,0.11 ,0.04 ,0.02 ,0.75 
87,Greece,5.227,1.289,1.239,0.81,0.096,0,0.043,Europe,2017,0.25 ,0.24 ,0.15 ,0.02 ,0.00 ,0.01 ,0.67 
88,Lebanon,5.225,1.075,1.13,0.735,0.289,0.264,0.038,Asia,2017,0.21 ,0.22 ,0.14 ,0.06 ,0.05 ,0.01 ,0.68 
89,Portugal,5.195,1.315,1.367,0.796,0.498,0.095,0.016,Europe,2017,0.25 ,0.26 ,0.15 ,0.10 ,0.02 ,0.00 ,0.79 
90,Bosnia and Herzegovina,5.182,0.982,1.069,0.705,0.204,0.329,0,Europe,2017,0.19 ,0.21 ,0.14 ,0.04 ,0.06 ,0.00 ,0.63 
91,Honduras,5.181,0.731,1.144,0.583,0.348,0.236,0.073,Americas,2017,0.14 ,0.22 ,0.11 ,0.07 ,0.05 ,0.01 ,0.60 
92,Macedonia,5.175,1.065,1.208,0.645,0.326,0.254,0.06,Europe,2017,0.21 ,0.23 ,0.12 ,0.06 ,0.05 ,0.01 ,0.69 
93,Somalia,5.151,0.023,0.721,0.114,0.602,0.292,0.282,Africa,2017,0.00 ,0.14 ,0.02 ,0.12 ,0.06 ,0.05 ,0.39 
94,Vietnam,5.074,0.789,1.277,0.652,0.571,0.235,0.088,Asia,2017,0.16 ,0.25 ,0.13 ,0.11 ,0.05 ,0.02 ,0.71 
95,Nigeria,5.074,0.784,1.216,0.057,0.395,0.231,0.026,Africa,2017,0.15 ,0.24 ,0.01 ,0.08 ,0.05 ,0.01 ,0.53 
96,Tajikistan,5.041,0.525,1.271,0.529,0.472,0.249,0.146,Asia,2017,0.10 ,0.25 ,0.10 ,0.09 ,0.05 ,0.03 ,0.63 
97,Bhutan,5.011,0.885,1.34,0.496,0.502,0.474,0.173,Asia,2017,0.18 ,0.27 ,0.10 ,0.10 ,0.09 ,0.03 ,0.77 
98,Kyrgyzstan,5.004,0.596,1.394,0.553,0.455,0.429,0.039,Asia,2017,0.12 ,0.28 ,0.11 ,0.09 ,0.09 ,0.01 ,0.69 
99,Nepal,4.962,0.48,1.179,0.504,0.44,0.394,0.073,Asia,2017,0.10 ,0.24 ,0.10 ,0.09 ,0.08 ,0.01 ,0.62 
100,Mongolia,4.955,1.027,1.493,0.558,0.394,0.338,0.033,Asia,2017,0.21 ,0.30 ,0.11 ,0.08 ,0.07 ,0.01 ,0.78 
101,South Africa,4.829,1.055,1.385,0.187,0.479,0.139,0.073,Africa,2017,0.22 ,0.29 ,0.04 ,0.10 ,0.03 ,0.02 ,0.69 
102,Tunisia,4.805,1.007,0.868,0.613,0.29,0.05,0.087,Africa,2017,0.21 ,0.18 ,0.13 ,0.06 ,0.01 ,0.02 ,0.61 
103,Palestinian Territories,4.775,0.716,1.156,0.566,0.255,0.114,0.089,Asia,2017,0.15 ,0.24 ,0.12 ,0.05 ,0.02 ,0.02 ,0.61 
104,Egypt,4.735,0.99,0.997,0.52,0.282,0.129,0.114,Africa,2017,0.21 ,0.21 ,0.11 ,0.06 ,0.03 ,0.02 ,0.64 
105,Bulgaria,4.714,1.161,1.434,0.708,0.289,0.113,0.011,Europe,2017,0.25 ,0.30 ,0.15 ,0.06 ,0.02 ,0.00 ,0.79 
106,Sierra Leone,4.709,0.368,0.984,0.006,0.319,0.293,0.071,Africa,2017,0.08 ,0.21 ,0.00 ,0.07 ,0.06 ,0.02 ,0.43 
107,Cameroon,4.695,0.564,0.946,0.133,0.43,0.236,0.051,Africa,2017,0.12 ,0.20 ,0.03 ,0.09 ,0.05 ,0.01 ,0.50 
108,Iran,4.692,1.157,0.712,0.639,0.249,0.387,0.049,Asia,2017,0.25 ,0.15 ,0.14 ,0.05 ,0.08 ,0.01 ,0.68 
109,Albania,4.644,0.996,0.804,0.731,0.381,0.201,0.04,Europe,2017,0.21 ,0.17 ,0.16 ,0.08 ,0.04 ,0.01 ,0.68 
110,Bangladesh,4.608,0.587,0.735,0.533,0.478,0.172,0.124,Asia,2017,0.13 ,0.16 ,0.12 ,0.10 ,0.04 ,0.03 ,0.57 
111,Namibia,4.574,0.964,1.098,0.339,0.52,0.077,0.093,Africa,2017,0.21 ,0.24 ,0.07 ,0.11 ,0.02 ,0.02 ,0.68 
112,Kenya,4.553,0.56,1.068,0.31,0.453,0.445,0.065,Africa,2017,0.12 ,0.23 ,0.07 ,0.10 ,0.10 ,0.01 ,0.64 
113,Mozambique,4.55,0.234,0.871,0.107,0.481,0.322,0.179,Africa,2017,0.05 ,0.19 ,0.02 ,0.11 ,0.07 ,0.04 ,0.48 
114,Myanmar,4.545,0.367,1.123,0.398,0.514,0.838,0.189,Asia,2017,0.08 ,0.25 ,0.09 ,0.11 ,0.18 ,0.04 ,0.75 
115,Senegal,4.535,0.479,1.18,0.409,0.378,0.183,0.115,Africa,2017,0.11 ,0.26 ,0.09 ,0.08 ,0.04 ,0.03 ,0.61 
116,Zambia,4.514,0.636,1.003,0.258,0.462,0.25,0.078,Africa,2017,0.14 ,0.22 ,0.06 ,0.10 ,0.06 ,0.02 ,0.60 
117,Iraq,4.497,1.103,0.979,0.501,0.289,0.2,0.107,Asia,2017,0.25 ,0.22 ,0.11 ,0.06 ,0.04 ,0.02 ,0.71 
118,Gabon,4.465,1.198,1.156,0.357,0.312,0.044,0.076,Africa,2017,0.27 ,0.26 ,0.08 ,0.07 ,0.01 ,0.02 ,0.70 
119,Ethiopia,4.46,0.339,0.865,0.353,0.409,0.313,0.165,Africa,2017,0.08 ,0.19 ,0.08 ,0.09 ,0.07 ,0.04 ,0.55 
120,Sri Lanka,4.44,1.01,1.26,0.625,0.561,0.491,0.074,Asia,2017,0.23 ,0.28 ,0.14 ,0.13 ,0.11 ,0.02 ,0.91 
121,Armenia,4.376,0.901,1.007,0.638,0.198,0.083,0.027,Asia,2017,0.21 ,0.23 ,0.15 ,0.05 ,0.02 ,0.01 ,0.65 
122,India,4.315,0.792,0.754,0.455,0.47,0.232,0.092,Asia,2017,0.18 ,0.17 ,0.11 ,0.11 ,0.05 ,0.02 ,0.65 
123,Mauritania,4.292,0.648,1.272,0.285,0.096,0.202,0.137,Africa,2017,0.15 ,0.30 ,0.07 ,0.02 ,0.05 ,0.03 ,0.62 
124,Congo (Brazzaville),4.291,0.809,0.832,0.29,0.435,0.121,0.08,Africa,2017,0.19 ,0.19 ,0.07 ,0.10 ,0.03 ,0.02 ,0.60 
125,Georgia,4.286,0.951,0.571,0.65,0.309,0.054,0.252,Asia,2017,0.22 ,0.13 ,0.15 ,0.07 ,0.01 ,0.06 ,0.65 
126,Congo (Kinshasa),4.28,0.092,1.229,0.191,0.236,0.246,0.06,Africa,2017,0.02 ,0.29 ,0.04 ,0.06 ,0.06 ,0.01 ,0.48 
127,Mali,4.19,0.476,1.281,0.169,0.307,0.183,0.105,Africa,2017,0.11 ,0.31 ,0.04 ,0.07 ,0.04 ,0.03 ,0.60 
128,Ivory Coast,4.18,0.603,0.905,0.049,0.448,0.201,0.13,Africa,2017,0.14 ,0.22 ,0.01 ,0.11 ,0.05 ,0.03 ,0.56 
129,Cambodia,4.168,0.602,1.006,0.43,0.633,0.386,0.068,Asia,2017,0.14 ,0.24 ,0.10 ,0.15 ,0.09 ,0.02 ,0.75 
130,Sudan,4.139,0.66,1.214,0.291,0.015,0.182,0.09,Africa,2017,0.16 ,0.29 ,0.07 ,0.00 ,0.04 ,0.02 ,0.59 
131,Ghana,4.12,0.667,0.874,0.296,0.423,0.257,0.025,Africa,2017,0.16 ,0.21 ,0.07 ,0.10 ,0.06 ,0.01 ,0.62 
132,Ukraine,4.096,0.895,1.395,0.576,0.123,0.27,0.023,Europe,2017,0.22 ,0.34 ,0.14 ,0.03 ,0.07 ,0.01 ,0.80 
133,Uganda,4.081,0.381,1.13,0.218,0.443,0.326,0.057,Africa,2017,0.09 ,0.28 ,0.05 ,0.11 ,0.08 ,0.01 ,0.63 
134,Burkina Faso,4.032,0.35,1.043,0.216,0.324,0.251,0.12,Africa,2017,0.09 ,0.26 ,0.05 ,0.08 ,0.06 ,0.03 ,0.57 
135,Niger,4.028,0.162,0.993,0.269,0.364,0.229,0.139,Africa,2017,0.04 ,0.25 ,0.07 ,0.09 ,0.06 ,0.03 ,0.54 
136,Malawi,3.97,0.233,0.513,0.315,0.467,0.287,0.073,Africa,2017,0.06 ,0.13 ,0.08 ,0.12 ,0.07 ,0.02 ,0.48 
137,Chad,3.936,0.438,0.954,0.041,0.162,0.216,0.054,Africa,2017,0.11 ,0.24 ,0.01 ,0.04 ,0.05 ,0.01 ,0.47 
138,Zimbabwe,3.875,0.376,1.083,0.197,0.336,0.189,0.095,Africa,2017,0.10 ,0.28 ,0.05 ,0.09 ,0.05 ,0.02 ,0.59 
139,Lesotho,3.808,0.521,1.19,0,0.391,0.157,0.119,Africa,2017,0.14 ,0.31 ,0.00 ,0.10 ,0.04 ,0.03 ,0.62 
140,Angola,3.795,0.858,1.104,0.05,0,0.098,0.07,Africa,2017,0.23 ,0.29 ,0.01 ,0.00 ,0.03 ,0.02 ,0.57 
141,Afghanistan,3.794,0.401,0.582,0.181,0.106,0.312,0.061,Asia,2017,0.11 ,0.15 ,0.05 ,0.03 ,0.08 ,0.02 ,0.43 
142,Botswana,3.766,1.122,1.222,0.342,0.505,0.099,0.099,Africa,2017,0.30 ,0.32 ,0.09 ,0.13 ,0.03 ,0.03 ,0.90 
143,Benin,3.657,0.431,0.435,0.21,0.426,0.208,0.061,Africa,2017,0.12 ,0.12 ,0.06 ,0.12 ,0.06 ,0.02 ,0.48 
144,Madagascar,3.644,0.306,0.913,0.375,0.189,0.209,0.067,Africa,2017,0.08 ,0.25 ,0.10 ,0.05 ,0.06 ,0.02 ,0.57 
145,Haiti,3.603,0.369,0.64,0.277,0.03,0.489,0.1,Americas,2017,0.10 ,0.18 ,0.08 ,0.01 ,0.14 ,0.03 ,0.53 
146,Yemen,3.593,0.592,0.935,0.31,0.249,0.104,0.057,Asia,2017,0.16 ,0.26 ,0.09 ,0.07 ,0.03 ,0.02 ,0.63 
147,South Sudan,3.591,0.397,0.601,0.163,0.147,0.286,0.117,Africa,2017,0.11 ,0.17 ,0.05 ,0.04 ,0.08 ,0.03 ,0.48 
148,Liberia,3.533,0.119,0.872,0.23,0.333,0.267,0.039,Africa,2017,0.03 ,0.25 ,0.07 ,0.09 ,0.08 ,0.01 ,0.53 
149,Guinea,3.507,0.245,0.791,0.194,0.349,0.265,0.111,Africa,2017,0.07 ,0.23 ,0.06 ,0.10 ,0.08 ,0.03 ,0.56 
150,Togo,3.495,0.305,0.432,0.247,0.38,0.197,0.096,Africa,2017,0.09 ,0.12 ,0.07 ,0.11 ,0.06 ,0.03 ,0.47 
151,Rwanda,3.471,0.369,0.946,0.326,0.582,0.253,0.455,Africa,2017,0.11 ,0.27 ,0.09 ,0.17 ,0.07 ,0.13 ,0.84 
152,Syria,3.462,0.777,0.396,0.501,0.082,0.494,0.151,Asia,2017,0.22 ,0.11 ,0.14 ,0.02 ,0.14 ,0.04 ,0.69 
153,Tanzania,3.349,0.511,1.042,0.365,0.39,0.354,0.066,Africa,2017,0.15 ,0.31 ,0.11 ,0.12 ,0.11 ,0.02 ,0.81 
154,Burundi,2.905,0.092,0.63,0.152,0.06,0.204,0.084,Africa,2017,0.03 ,0.22 ,0.05 ,0.02 ,0.07 ,0.03 ,0.42 
155,Central African Republic,2.693,0,0,0.019,0.271,0.281,0.057,Africa,2017,0.00 ,0.00 ,0.01 ,0.10 ,0.10 ,0.02 ,0.23 
1,Finland,7.632,1.305,1.592,0.874,0.681,0.192,0.393,Europe,2018,0.17 ,0.21 ,0.11 ,0.09 ,0.03 ,0.05 ,0.66 
2,Norway,7.594,1.456,1.582,0.861,0.686,0.286,0.34,Europe,2018,0.19 ,0.21 ,0.11 ,0.09 ,0.04 ,0.04 ,0.69 
3,Denmark,7.555,1.351,1.59,0.868,0.683,0.284,0.408,Europe,2018,0.18 ,0.21 ,0.11 ,0.09 ,0.04 ,0.05 ,0.69 
4,Iceland,7.495,1.343,1.644,0.914,0.677,0.353,0.138,Europe,2018,0.18 ,0.22 ,0.12 ,0.09 ,0.05 ,0.02 ,0.68 
5,Switzerland,7.487,1.42,1.549,0.927,0.66,0.256,0.357,Europe,2018,0.19 ,0.21 ,0.12 ,0.09 ,0.03 ,0.05 ,0.69 
6,Netherlands,7.441,1.361,1.488,0.878,0.638,0.333,0.295,Europe,2018,0.18 ,0.20 ,0.12 ,0.09 ,0.04 ,0.04 ,0.67 
7,Canada,7.328,1.33,1.532,0.896,0.653,0.321,0.291,Americas,2018,0.18 ,0.21 ,0.12 ,0.09 ,0.04 ,0.04 ,0.69 
8,New Zealand,7.324,1.268,1.601,0.876,0.669,0.365,0.389,Oceania,2018,0.17 ,0.22 ,0.12 ,0.09 ,0.05 ,0.05 ,0.71 
9,Sweden,7.314,1.355,1.501,0.913,0.659,0.285,0.383,Europe,2018,0.19 ,0.21 ,0.12 ,0.09 ,0.04 ,0.05 ,0.70 
10,Australia,7.272,1.34,1.573,0.91,0.647,0.361,0.302,Oceania,2018,0.18 ,0.22 ,0.13 ,0.09 ,0.05 ,0.04 ,0.71 
11,Israel,7.19,1.244,1.433,0.888,0.464,0.262,0.082,Asia,2018,0.17 ,0.20 ,0.12 ,0.06 ,0.04 ,0.01 ,0.61 
12,Austria,7.139,1.341,1.504,0.891,0.617,0.242,0.224,Europe,2018,0.19 ,0.21 ,0.12 ,0.09 ,0.03 ,0.03 ,0.68 
13,Costa Rica,7.072,1.01,1.459,0.817,0.632,0.143,0.101,Americas,2018,0.14 ,0.21 ,0.12 ,0.09 ,0.02 ,0.01 ,0.59 
14,Ireland,6.977,1.448,1.583,0.876,0.614,0.307,0.306,Europe,2018,0.21 ,0.23 ,0.13 ,0.09 ,0.04 ,0.04 ,0.74 
15,Germany,6.965,1.34,1.474,0.861,0.586,0.273,0.28,Europe,2018,0.19 ,0.21 ,0.12 ,0.08 ,0.04 ,0.04 ,0.69 
16,Belgium,6.927,1.324,1.483,0.894,0.583,0.188,0.24,Europe,2018,0.19 ,0.21 ,0.13 ,0.08 ,0.03 ,0.03 ,0.68 
17,Luxembourg,6.91,1.576,1.52,0.896,0.632,0.196,0.321,Europe,2018,0.23 ,0.22 ,0.13 ,0.09 ,0.03 ,0.05 ,0.74 
18,United States,6.886,1.398,1.471,0.819,0.547,0.291,0.133,Americas,2018,0.20 ,0.21 ,0.12 ,0.08 ,0.04 ,0.02 ,0.68 
19,United Kingdom,6.814,1.301,1.559,0.883,0.533,0.354,0.272,Europe,2018,0.19 ,0.23 ,0.13 ,0.08 ,0.05 ,0.04 ,0.72 
20,United Arab Emirates,6.774,1.467,1.296,0.776,0.67,0.284,0.186,Asia,2018,0.22 ,0.19 ,0.11 ,0.10 ,0.04 ,0.03 ,0.69 
21,Czech Republic,6.711,1.233,1.489,0.854,0.543,0.064,0.034,Europe,2018,0.18 ,0.22 ,0.13 ,0.08 ,0.01 ,0.01 ,0.63 
22,Malta,6.627,1.27,1.525,0.884,0.645,0.376,0.142,Europe,2018,0.19 ,0.23 ,0.13 ,0.10 ,0.06 ,0.02 ,0.73 
23,France,6.489,1.293,1.466,0.908,0.52,0.098,0.176,Europe,2018,0.20 ,0.23 ,0.14 ,0.08 ,0.02 ,0.03 ,0.69 
24,Mexico,6.488,1.038,1.252,0.761,0.479,0.069,0.095,Americas,2018,0.16 ,0.19 ,0.12 ,0.07 ,0.01 ,0.01 ,0.57 
25,Chile,6.476,1.131,1.331,0.808,0.431,0.197,0.061,Americas,2018,0.17 ,0.21 ,0.12 ,0.07 ,0.03 ,0.01 ,0.61 
26,Taiwan Province of China,6.441,1.365,1.436,0.857,0.418,0.151,0.078,Asia,2018,0.21 ,0.22 ,0.13 ,0.06 ,0.02 ,0.01 ,0.67 
27,Panama,6.43,1.112,1.438,0.759,0.597,0.125,0.063,Americas,2018,0.17 ,0.22 ,0.12 ,0.09 ,0.02 ,0.01 ,0.64 
28,Brazil,6.419,0.986,1.474,0.675,0.493,0.11,0.088,Americas,2018,0.15 ,0.23 ,0.11 ,0.08 ,0.02 ,0.01 ,0.60 
29,Argentina,6.388,1.073,1.468,0.744,0.57,0.062,0.054,Americas,2018,0.17 ,0.23 ,0.12 ,0.09 ,0.01 ,0.01 ,0.62 
30,Guatemala,6.382,0.781,1.268,0.608,0.604,0.179,0.071,Americas,2018,0.12 ,0.20 ,0.10 ,0.09 ,0.03 ,0.01 ,0.55 
31,Uruguay,6.379,1.093,1.459,0.771,0.625,0.13,0.155,Americas,2018,0.17 ,0.23 ,0.12 ,0.10 ,0.02 ,0.02 ,0.66 
32,Qatar,6.374,1.649,1.303,0.748,0.654,0.256,0.171,Asia,2018,0.26 ,0.20 ,0.12 ,0.10 ,0.04 ,0.03 ,0.75 
33,Saudi Arabia,6.371,1.379,1.331,0.633,0.509,0.098,0.127,Asia,2018,0.22 ,0.21 ,0.10 ,0.08 ,0.02 ,0.02 ,0.64 
34,Singapore,6.343,1.529,1.451,1.008,0.631,0.261,0.457,Asia,2018,0.24 ,0.23 ,0.16 ,0.10 ,0.04 ,0.07 ,0.84 
35,Malaysia,6.322,1.161,1.258,0.669,0.356,0.311,0.059,Asia,2018,0.18 ,0.20 ,0.11 ,0.06 ,0.05 ,0.01 ,0.60 
36,Spain,6.31,1.251,1.538,0.965,0.449,0.142,0.074,Europe,2018,0.20 ,0.24 ,0.15 ,0.07 ,0.02 ,0.01 ,0.70 
37,Colombia,6.26,0.96,1.439,0.635,0.531,0.099,0.039,Americas,2018,0.15 ,0.23 ,0.10 ,0.08 ,0.02 ,0.01 ,0.59 
38,Trinidad & Tobago,6.192,1.223,1.492,0.564,0.575,0.171,0.019,Americas,2018,0.20 ,0.24 ,0.09 ,0.09 ,0.03 ,0.00 ,0.65 
39,Slovakia,6.173,1.21,1.537,0.776,0.354,0.118,0.014,Europe,2018,0.20 ,0.25 ,0.13 ,0.06 ,0.02 ,0.00 ,0.65 
40,El Salvador,6.167,0.806,1.231,0.639,0.461,0.065,0.082,Americas,2018,0.13 ,0.20 ,0.10 ,0.07 ,0.01 ,0.01 ,0.53 
41,Nicaragua,6.141,0.668,1.319,0.7,0.527,0.208,0.128,Americas,2018,0.11 ,0.21 ,0.11 ,0.09 ,0.03 ,0.02 ,0.58 
42,Poland,6.123,1.176,1.448,0.781,0.546,0.108,0.064,Europe,2018,0.19 ,0.24 ,0.13 ,0.09 ,0.02 ,0.01 ,0.67 
43,Bahrain,6.105,1.338,1.366,0.698,0.594,0.243,0.123,Asia,2018,0.22 ,0.22 ,0.11 ,0.10 ,0.04 ,0.02 ,0.71 
44,Uzbekistan,6.096,0.719,1.584,0.605,0.724,0.328,0.259,Asia,2018,0.12 ,0.26 ,0.10 ,0.12 ,0.05 ,0.04 ,0.69 
45,Kuwait,6.083,1.474,1.301,0.675,0.554,0.167,0.106,Asia,2018,0.24 ,0.21 ,0.11 ,0.09 ,0.03 ,0.02 ,0.70 
46,Thailand,6.072,1.016,1.417,0.707,0.637,0.364,0.029,Asia,2018,0.17 ,0.23 ,0.12 ,0.10 ,0.06 ,0.00 ,0.69 
47,Italy,6,1.264,1.501,0.946,0.281,0.137,0.028,Europe,2018,0.21 ,0.25 ,0.16 ,0.05 ,0.02 ,0.00 ,0.69 
48,Ecuador,5.973,0.889,1.33,0.736,0.556,0.114,0.12,Americas,2018,0.15 ,0.22 ,0.12 ,0.09 ,0.02 ,0.02 ,0.63 
49,Belize,5.956,0.807,1.101,0.474,0.593,0.183,0.089,Americas,2018,0.14 ,0.18 ,0.08 ,0.10 ,0.03 ,0.01 ,0.55 
50,Lithuania,5.952,1.197,1.527,0.716,0.35,0.026,0.006,Europe,2018,0.20 ,0.26 ,0.12 ,0.06 ,0.00 ,0.00 ,0.64 
51,Slovenia,5.948,1.219,1.506,0.856,0.633,0.16,0.051,Europe,2018,0.20 ,0.25 ,0.14 ,0.11 ,0.03 ,0.01 ,0.74 
52,Romania,5.945,1.116,1.219,0.726,0.528,0.088,0.001,Europe,2018,0.19 ,0.21 ,0.12 ,0.09 ,0.01 ,0.00 ,0.62 
53,Latvia,5.933,1.148,1.454,0.671,0.363,0.092,0.066,Europe,2018,0.19 ,0.25 ,0.11 ,0.06 ,0.02 ,0.01 ,0.64 
54,Japan,5.915,1.294,1.462,0.988,0.553,0.079,0.15,Asia,2018,0.22 ,0.25 ,0.17 ,0.09 ,0.01 ,0.03 ,0.77 
55,Mauritius,5.891,1.09,1.387,0.684,0.584,0.245,0.05,Africa,2018,0.19 ,0.24 ,0.12 ,0.10 ,0.04 ,0.01 ,0.69 
56,Jamaica,5.89,0.819,1.493,0.693,0.575,0.096,0.031,Americas,2018,0.14 ,0.25 ,0.12 ,0.10 ,0.02 ,0.01 ,0.63 
57,South Korea,5.875,1.266,1.204,0.955,0.244,0.175,0.051,Asia,2018,0.22 ,0.20 ,0.16 ,0.04 ,0.03 ,0.01 ,0.66 
58,Northern Cyprus,5.835,1.229,1.211,0.909,0.495,0.179,0.154,Asia,2018,0.21 ,0.21 ,0.16 ,0.08 ,0.03 ,0.03 ,0.72 
59,Russia,5.81,1.151,1.479,0.599,0.399,0.065,0.025,Europe,2018,0.20 ,0.25 ,0.10 ,0.07 ,0.01 ,0.00 ,0.64 
60,Kazakhstan,5.79,1.143,1.516,0.631,0.454,0.148,0.121,Asia,2018,0.20 ,0.26 ,0.11 ,0.08 ,0.03 ,0.02 ,0.69 
61,Cyprus,5.762,1.229,1.191,0.909,0.423,0.202,0.035,Asia,2018,0.21 ,0.21 ,0.16 ,0.07 ,0.04 ,0.01 ,0.69 
62,Bolivia,5.752,0.751,1.223,0.508,0.606,0.141,0.054,Americas,2018,0.13 ,0.21 ,0.09 ,0.11 ,0.02 ,0.01 ,0.57 
63,Estonia,5.739,1.2,1.532,0.737,0.553,0.086,0.174,Europe,2018,0.21 ,0.27 ,0.13 ,0.10 ,0.01 ,0.03 ,0.75 
64,Paraguay,5.681,0.835,1.522,0.615,0.541,0.162,0.074,Americas,2018,0.15 ,0.27 ,0.11 ,0.10 ,0.03 ,0.01 ,0.66 
65,Peru,5.663,0.934,1.249,0.674,0.53,0.092,0.034,Americas,2018,0.16 ,0.22 ,0.12 ,0.09 ,0.02 ,0.01 ,0.62 
66,Kosovo,5.662,0.855,1.23,0.578,0.448,0.274,0.023,Europe,2018,0.15 ,0.22 ,0.10 ,0.08 ,0.05 ,0.00 ,0.60 
67,Moldova,5.64,0.657,1.301,0.62,0.232,0.171,0,Europe,2018,0.12 ,0.23 ,0.11 ,0.04 ,0.03 ,0.00 ,0.53 
68,Turkmenistan,5.636,1.016,1.533,0.517,0.417,0.199,0.037,Asia,2018,0.18 ,0.27 ,0.09 ,0.07 ,0.04 ,0.01 ,0.66 
69,Hungary,5.62,1.171,1.401,0.732,0.259,0.061,0.022,Europe,2018,0.21 ,0.25 ,0.13 ,0.05 ,0.01 ,0.00 ,0.65 
70,Libya,5.566,0.985,1.35,0.553,0.496,0.116,0.148,Africa,2018,0.18 ,0.24 ,0.10 ,0.09 ,0.02 ,0.03 ,0.66 
71,Philippines,5.524,0.775,1.312,0.513,0.643,0.12,0.105,Asia,2018,0.14 ,0.24 ,0.09 ,0.12 ,0.02 ,0.02 ,0.63 
72,Honduras,5.504,0.62,1.205,0.622,0.459,0.197,0.074,Americas,2018,0.11 ,0.22 ,0.11 ,0.08 ,0.04 ,0.01 ,0.58 
73,Belarus,5.483,1.039,1.498,0.7,0.307,0.101,0.154,Europe,2018,0.19 ,0.27 ,0.13 ,0.06 ,0.02 ,0.03 ,0.69 
74,Turkey,5.483,1.148,1.38,0.686,0.324,0.106,0.109,Asia,2018,0.21 ,0.25 ,0.13 ,0.06 ,0.02 ,0.02 ,0.68 
75,Pakistan,5.472,0.652,0.81,0.424,0.334,0.216,0.113,Asia,2018,0.12 ,0.15 ,0.08 ,0.06 ,0.04 ,0.02 ,0.47 
76,"Hong Kong SAR, China",5.43,1.405,1.29,1.03,0.524,0.246,0.291,Asia,2018,0.26 ,0.24 ,0.19 ,0.10 ,0.05 ,0.05 ,0.88 
77,Portugal,5.41,1.188,1.429,0.884,0.562,0.055,0.017,Europe,2018,0.22 ,0.26 ,0.16 ,0.10 ,0.01 ,0.00 ,0.76 
78,Serbia,5.398,0.975,1.369,0.685,0.288,0.134,0.043,Europe,2018,0.18 ,0.25 ,0.13 ,0.05 ,0.02 ,0.01 ,0.65 
79,Greece,5.358,1.154,1.202,0.879,0.131,0,0.044,Europe,2018,0.22 ,0.22 ,0.16 ,0.02 ,0.00 ,0.01 ,0.64 
80,Tajikistan,5.352,0.474,1.179,0.598,0.503,0.214,0.136,Asia,2018,0.09 ,0.22 ,0.11 ,0.09 ,0.04 ,0.03 ,0.58 
81,Montenegro,5.347,1.017,1.279,0.729,0.259,0.111,0.081,Europe,2018,0.19 ,0.24 ,0.14 ,0.05 ,0.02 ,0.02 ,0.65 
82,Croatia,5.321,1.115,1.161,0.737,0.38,0.12,0.039,Europe,2018,0.21 ,0.22 ,0.14 ,0.07 ,0.02 ,0.01 ,0.67 
83,Dominican Republic,5.302,0.982,1.441,0.614,0.578,0.12,0.106,Americas,2018,0.19 ,0.27 ,0.12 ,0.11 ,0.02 ,0.02 ,0.72 
84,Algeria,5.295,0.979,1.154,0.687,0.077,0.055,0.135,Africa,2018,0.18 ,0.22 ,0.13 ,0.01 ,0.01 ,0.03 ,0.58 
85,Morocco,5.254,0.779,0.797,0.669,0.46,0.026,0.074,Africa,2018,0.15 ,0.15 ,0.13 ,0.09 ,0.00 ,0.01 ,0.53 
86,China,5.246,0.989,1.142,0.799,0.597,0.029,0.103,Asia,2018,0.19 ,0.22 ,0.15 ,0.11 ,0.01 ,0.02 ,0.70 
87,Azerbaijan,5.201,1.024,1.161,0.603,0.43,0.031,0.176,Asia,2018,0.20 ,0.22 ,0.12 ,0.08 ,0.01 ,0.03 ,0.66 
88,Lebanon,5.199,0.965,1.166,0.785,0.292,0.187,0.034,Asia,2018,0.19 ,0.22 ,0.15 ,0.06 ,0.04 ,0.01 ,0.66 
89,Macedonia,5.185,0.959,1.239,0.691,0.394,0.173,0.052,Europe,2018,0.18 ,0.24 ,0.13 ,0.08 ,0.03 ,0.01 ,0.68 
90,Jordan,5.161,0.822,1.265,0.645,0.468,0.13,0.134,Asia,2018,0.16 ,0.25 ,0.12 ,0.09 ,0.03 ,0.03 ,0.67 
91,Nigeria,5.155,0.689,1.172,0.048,0.462,0.201,0.032,Africa,2018,0.13 ,0.23 ,0.01 ,0.09 ,0.04 ,0.01 ,0.51 
92,Kyrgyzstan,5.131,0.53,1.416,0.594,0.54,0.281,0.035,Asia,2018,0.10 ,0.28 ,0.12 ,0.11 ,0.05 ,0.01 ,0.66 
93,Bosnia and Herzegovina,5.129,0.915,1.078,0.758,0.28,0.216,0,Europe,2018,0.18 ,0.21 ,0.15 ,0.05 ,0.04 ,0.00 ,0.63 
94,Mongolia,5.125,0.914,1.517,0.575,0.395,0.253,0.032,Asia,2018,0.18 ,0.30 ,0.11 ,0.08 ,0.05 ,0.01 ,0.72 
95,Vietnam,5.103,0.715,1.365,0.702,0.618,0.177,0.079,Asia,2018,0.14 ,0.27 ,0.14 ,0.12 ,0.03 ,0.02 ,0.72 
96,Indonesia,5.093,0.899,1.215,0.522,0.538,0.484,0.018,Asia,2018,0.18 ,0.24 ,0.10 ,0.11 ,0.10 ,0.00 ,0.72 
97,Bhutan,5.082,0.796,1.335,0.527,0.541,0.364,0.171,Asia,2018,0.16 ,0.26 ,0.10 ,0.11 ,0.07 ,0.03 ,0.73 
98,Somalia,4.982,0,0.712,0.115,0.674,0.238,0.282,Africa,2018,0.00 ,0.14 ,0.02 ,0.14 ,0.05 ,0.06 ,0.41 
99,Cameroon,4.975,0.535,0.891,0.182,0.454,0.183,0.043,Africa,2018,0.11 ,0.18 ,0.04 ,0.09 ,0.04 ,0.01 ,0.46 
100,Bulgaria,4.933,1.054,1.515,0.712,0.359,0.064,0.009,Europe,2018,0.21 ,0.31 ,0.14 ,0.07 ,0.01 ,0.00 ,0.75 
101,Nepal,4.88,0.425,1.228,0.539,0.526,0.302,0.078,Asia,2018,0.09 ,0.25 ,0.11 ,0.11 ,0.06 ,0.02 ,0.63 
102,Venezuela,4.806,0.996,1.469,0.657,0.133,0.056,0.052,Americas,2018,0.21 ,0.31 ,0.14 ,0.03 ,0.01 ,0.01 ,0.70 
103,Gabon,4.758,1.036,1.164,0.404,0.356,0.032,0.052,Africa,2018,0.22 ,0.24 ,0.08 ,0.07 ,0.01 ,0.01 ,0.64 
104,Palestinian Territories,4.743,0.642,1.217,0.602,0.266,0.086,0.076,Asia,2018,0.14 ,0.26 ,0.13 ,0.06 ,0.02 ,0.02 ,0.61 
105,South Africa,4.724,0.94,1.41,0.33,0.516,0.103,0.056,Africa,2018,0.20 ,0.30 ,0.07 ,0.11 ,0.02 ,0.01 ,0.71 
106,Iran,4.707,1.059,0.771,0.691,0.459,0.282,0.129,Asia,2018,0.22 ,0.16 ,0.15 ,0.10 ,0.06 ,0.03 ,0.72 
107,Ivory Coast,4.671,0.541,0.872,0.08,0.467,0.146,0.103,Africa,2018,0.12 ,0.19 ,0.02 ,0.10 ,0.03 ,0.02 ,0.47 
108,Ghana,4.657,0.592,0.896,0.337,0.499,0.212,0.029,Africa,2018,0.13 ,0.19 ,0.07 ,0.11 ,0.05 ,0.01 ,0.55 
109,Senegal,4.631,0.429,1.117,0.433,0.406,0.138,0.082,Africa,2018,0.09 ,0.24 ,0.09 ,0.09 ,0.03 ,0.02 ,0.56 
110,Laos,4.623,0.72,1.034,0.441,0.626,0.23,0.174,Asia,2018,0.16 ,0.22 ,0.10 ,0.14 ,0.05 ,0.04 ,0.70 
111,Tunisia,4.592,0.9,0.906,0.69,0.271,0.04,0.063,Africa,2018,0.20 ,0.20 ,0.15 ,0.06 ,0.01 ,0.01 ,0.63 
112,Albania,4.586,0.916,0.817,0.79,0.419,0.149,0.032,Europe,2018,0.20 ,0.18 ,0.17 ,0.09 ,0.03 ,0.01 ,0.68 
113,Sierra Leone,4.571,0.256,0.813,0,0.355,0.238,0.053,Africa,2018,0.06 ,0.18 ,0.00 ,0.08 ,0.05 ,0.01 ,0.38 
114,Congo (Brazzaville),4.559,0.682,0.811,0.343,0.514,0.091,0.077,Africa,2018,0.15 ,0.18 ,0.08 ,0.11 ,0.02 ,0.02 ,0.55 
115,Bangladesh,4.5,0.532,0.85,0.579,0.58,0.153,0.144,Asia,2018,0.12 ,0.19 ,0.13 ,0.13 ,0.03 ,0.03 ,0.63 
116,Sri Lanka,4.471,0.918,1.314,0.672,0.585,0.307,0.05,Asia,2018,0.21 ,0.29 ,0.15 ,0.13 ,0.07 ,0.01 ,0.86 
117,Iraq,4.456,1.01,0.971,0.536,0.304,0.148,0.095,Asia,2018,0.23 ,0.22 ,0.12 ,0.07 ,0.03 ,0.02 ,0.69 
118,Mali,4.447,0.37,1.233,0.152,0.367,0.139,0.056,Africa,2018,0.08 ,0.28 ,0.03 ,0.08 ,0.03 ,0.01 ,0.52 
119,Namibia,4.441,0.874,1.281,0.365,0.519,0.051,0.064,Africa,2018,0.20 ,0.29 ,0.08 ,0.12 ,0.01 ,0.01 ,0.71 
120,Cambodia,4.433,0.549,1.088,0.457,0.696,0.256,0.065,Asia,2018,0.12 ,0.25 ,0.10 ,0.16 ,0.06 ,0.01 ,0.70 
121,Burkina Faso,4.424,0.314,1.097,0.254,0.312,0.175,0.128,Africa,2018,0.07 ,0.25 ,0.06 ,0.07 ,0.04 ,0.03 ,0.52 
122,Egypt,4.419,0.885,1.025,0.553,0.312,0.092,0.107,Africa,2018,0.20 ,0.23 ,0.13 ,0.07 ,0.02 ,0.02 ,0.67 
123,Mozambique,4.417,0.198,0.902,0.173,0.531,0.206,0.158,Africa,2018,0.04 ,0.20 ,0.04 ,0.12 ,0.05 ,0.04 ,0.49 
124,Kenya,4.41,0.493,1.048,0.454,0.504,0.352,0.055,Africa,2018,0.11 ,0.24 ,0.10 ,0.11 ,0.08 ,0.01 ,0.66 
125,Zambia,4.377,0.562,1.047,0.295,0.503,0.221,0.082,Africa,2018,0.13 ,0.24 ,0.07 ,0.11 ,0.05 ,0.02 ,0.62 
126,Mauritania,4.356,0.557,1.245,0.292,0.129,0.134,0.093,Africa,2018,0.13 ,0.29 ,0.07 ,0.03 ,0.03 ,0.02 ,0.56 
127,Ethiopia,4.35,0.308,0.95,0.391,0.452,0.22,0.146,Africa,2018,0.07 ,0.22 ,0.09 ,0.10 ,0.05 ,0.03 ,0.57 
128,Georgia,4.34,0.853,0.592,0.643,0.375,0.038,0.215,Asia,2018,0.20 ,0.14 ,0.15 ,0.09 ,0.01 ,0.05 ,0.63 
129,Armenia,4.321,0.816,0.99,0.666,0.26,0.077,0.028,Asia,2018,0.19 ,0.23 ,0.15 ,0.06 ,0.02 ,0.01 ,0.66 
130,Myanmar,4.308,0.682,1.174,0.429,0.58,0.598,0.178,Asia,2018,0.16 ,0.27 ,0.10 ,0.13 ,0.14 ,0.04 ,0.85 
131,Chad,4.301,0.358,0.907,0.053,0.189,0.181,0.06,Africa,2018,0.08 ,0.21 ,0.01 ,0.04 ,0.04 ,0.01 ,0.41 
132,Congo (Kinshasa),4.245,0.069,1.136,0.204,0.312,0.197,0.052,Africa,2018,0.02 ,0.27 ,0.05 ,0.07 ,0.05 ,0.01 ,0.46 
133,India,4.19,0.721,0.747,0.485,0.539,0.172,0.093,Asia,2018,0.17 ,0.18 ,0.12 ,0.13 ,0.04 ,0.02 ,0.66 
134,Niger,4.166,0.131,0.867,0.221,0.39,0.175,0.099,Africa,2018,0.03 ,0.21 ,0.05 ,0.09 ,0.04 ,0.02 ,0.45 
135,Uganda,4.161,0.322,1.09,0.237,0.45,0.259,0.061,Africa,2018,0.08 ,0.26 ,0.06 ,0.11 ,0.06 ,0.01 ,0.58 
136,Benin,4.141,0.378,0.372,0.24,0.44,0.163,0.067,Africa,2018,0.09 ,0.09 ,0.06 ,0.11 ,0.04 ,0.02 ,0.40 
137,Sudan,4.139,0.605,1.24,0.312,0.016,0.134,0.082,Africa,2018,0.15 ,0.30 ,0.08 ,0.00 ,0.03 ,0.02 ,0.58 
138,Ukraine,4.103,0.793,1.413,0.609,0.163,0.187,0.011,Europe,2018,0.19 ,0.34 ,0.15 ,0.04 ,0.05 ,0.00 ,0.77 
139,Togo,3.999,0.259,0.474,0.253,0.434,0.158,0.101,Africa,2018,0.06 ,0.12 ,0.06 ,0.11 ,0.04 ,0.03 ,0.42 
140,Guinea,3.964,0.344,0.792,0.211,0.394,0.185,0.094,Africa,2018,0.09 ,0.20 ,0.05 ,0.10 ,0.05 ,0.02 ,0.51 
141,Lesotho,3.808,0.472,1.215,0.079,0.423,0.116,0.112,Africa,2018,0.12 ,0.32 ,0.02 ,0.11 ,0.03 ,0.03 ,0.63 
142,Angola,3.795,0.73,1.125,0.269,0,0.079,0.061,Africa,2018,0.19 ,0.30 ,0.07 ,0.00 ,0.02 ,0.02 ,0.60 
143,Madagascar,3.774,0.262,0.908,0.402,0.221,0.155,0.049,Africa,2018,0.07 ,0.24 ,0.11 ,0.06 ,0.04 ,0.01 ,0.53 
144,Zimbabwe,3.692,0.357,1.094,0.248,0.406,0.132,0.099,Africa,2018,0.10 ,0.30 ,0.07 ,0.11 ,0.04 ,0.03 ,0.63 
145,Afghanistan,3.632,0.332,0.537,0.255,0.085,0.191,0.036,Asia,2018,0.09 ,0.15 ,0.07 ,0.02 ,0.05 ,0.01 ,0.40 
146,Botswana,3.59,1.017,1.174,0.417,0.557,0.042,0.092,Africa,2018,0.28 ,0.33 ,0.12 ,0.16 ,0.01 ,0.03 ,0.92 
147,Malawi,3.587,0.186,0.541,0.306,0.531,0.21,0.08,Africa,2018,0.05 ,0.15 ,0.09 ,0.15 ,0.06 ,0.02 ,0.52 
148,Haiti,3.582,0.315,0.714,0.289,0.025,0.392,0.104,Americas,2018,0.09 ,0.20 ,0.08 ,0.01 ,0.11 ,0.03 ,0.51 
149,Liberia,3.495,0.076,0.858,0.267,0.419,0.206,0.03,Africa,2018,0.02 ,0.25 ,0.08 ,0.12 ,0.06 ,0.01 ,0.53 
150,Syria,3.462,0.689,0.382,0.539,0.088,0.376,0.144,Asia,2018,0.20 ,0.11 ,0.16 ,0.03 ,0.11 ,0.04 ,0.64 
151,Rwanda,3.408,0.332,0.896,0.4,0.636,0.2,0.444,Africa,2018,0.10 ,0.26 ,0.12 ,0.19 ,0.06 ,0.13 ,0.85 
152,Yemen,3.355,0.442,1.073,0.343,0.244,0.083,0.064,Asia,2018,0.13 ,0.32 ,0.10 ,0.07 ,0.02 ,0.02 ,0.67 
153,Tanzania,3.303,0.455,0.991,0.381,0.481,0.27,0.097,Africa,2018,0.14 ,0.30 ,0.12 ,0.15 ,0.08 ,0.03 ,0.81 
154,South Sudan,3.254,0.337,0.608,0.177,0.112,0.224,0.106,Africa,2018,0.10 ,0.19 ,0.05 ,0.03 ,0.07 ,0.03 ,0.48 
155,Central African Republic,3.083,0.024,0,0.01,0.305,0.218,0.038,Africa,2018,0.01 ,0.00 ,0.00 ,0.10 ,0.07 ,0.01 ,0.19 
156,Burundi,2.905,0.091,0.627,0.145,0.065,0.149,0.076,Africa,2018,0.03 ,0.22 ,0.05 ,0.02 ,0.05 ,0.03 ,0.40 
1,Finland,7.769,1.34,1.587,0.986,0.596,0.153,0.393,Europe,2019,0.17 ,0.20 ,0.13 ,0.08 ,0.02 ,0.05 ,0.65 
2,Denmark,7.6,1.383,1.573,0.996,0.592,0.252,0.41,Europe,2019,0.18 ,0.21 ,0.13 ,0.08 ,0.03 ,0.05 ,0.69 
3,Norway,7.554,1.488,1.582,1.028,0.603,0.271,0.341,Europe,2019,0.20 ,0.21 ,0.14 ,0.08 ,0.04 ,0.05 ,0.70 
4,Iceland,7.494,1.38,1.624,1.026,0.591,0.354,0.118,Europe,2019,0.18 ,0.22 ,0.14 ,0.08 ,0.05 ,0.02 ,0.68 
5,Netherlands,7.488,1.396,1.522,0.999,0.557,0.322,0.298,Europe,2019,0.19 ,0.20 ,0.13 ,0.07 ,0.04 ,0.04 ,0.68 
6,Switzerland,7.48,1.452,1.526,1.052,0.572,0.263,0.343,Europe,2019,0.19 ,0.20 ,0.14 ,0.08 ,0.04 ,0.05 ,0.70 
7,Sweden,7.343,1.387,1.487,1.009,0.574,0.267,0.373,Europe,2019,0.19 ,0.20 ,0.14 ,0.08 ,0.04 ,0.05 ,0.69 
8,New Zealand,7.307,1.303,1.557,1.026,0.585,0.33,0.38,Oceania,2019,0.18 ,0.21 ,0.14 ,0.08 ,0.05 ,0.05 ,0.71 
9,Canada,7.278,1.365,1.505,1.039,0.584,0.285,0.308,Americas,2019,0.19 ,0.21 ,0.14 ,0.08 ,0.04 ,0.04 ,0.70 
10,Austria,7.246,1.376,1.475,1.016,0.532,0.244,0.226,Europe,2019,0.19 ,0.20 ,0.14 ,0.07 ,0.03 ,0.03 ,0.67 
11,Australia,7.228,1.372,1.548,1.036,0.557,0.332,0.29,Oceania,2019,0.19 ,0.21 ,0.14 ,0.08 ,0.05 ,0.04 ,0.71 
12,Costa Rica,7.167,1.034,1.441,0.963,0.558,0.144,0.093,Americas,2019,0.14 ,0.20 ,0.13 ,0.08 ,0.02 ,0.01 ,0.59 
13,Israel,7.139,1.276,1.455,1.029,0.371,0.261,0.082,Asia,2019,0.18 ,0.20 ,0.14 ,0.05 ,0.04 ,0.01 ,0.63 
14,Luxembourg,7.09,1.609,1.479,1.012,0.526,0.194,0.316,Europe,2019,0.23 ,0.21 ,0.14 ,0.07 ,0.03 ,0.04 ,0.72 
15,United Kingdom,7.054,1.333,1.538,0.996,0.45,0.348,0.278,Europe,2019,0.19 ,0.22 ,0.14 ,0.06 ,0.05 ,0.04 ,0.70 
16,Ireland,7.021,1.499,1.553,0.999,0.516,0.298,0.31,Europe,2019,0.21 ,0.22 ,0.14 ,0.07 ,0.04 ,0.04 ,0.74 
17,Germany,6.985,1.373,1.454,0.987,0.495,0.261,0.265,Europe,2019,0.20 ,0.21 ,0.14 ,0.07 ,0.04 ,0.04 ,0.69 
18,Belgium,6.923,1.356,1.504,0.986,0.473,0.16,0.21,Europe,2019,0.20 ,0.22 ,0.14 ,0.07 ,0.02 ,0.03 ,0.68 
19,United States,6.892,1.433,1.457,0.874,0.454,0.28,0.128,Americas,2019,0.21 ,0.21 ,0.13 ,0.07 ,0.04 ,0.02 ,0.67 
20,Czech Republic,6.852,1.269,1.487,0.92,0.457,0.046,0.036,Europe,2019,0.19 ,0.22 ,0.13 ,0.07 ,0.01 ,0.01 ,0.62 
21,United Arab Emirates,6.825,1.503,1.31,0.825,0.598,0.262,0.182,Asia,2019,0.22 ,0.19 ,0.12 ,0.09 ,0.04 ,0.03 ,0.69 
22,Malta,6.726,1.3,1.52,0.999,0.564,0.375,0.151,Europe,2019,0.19 ,0.23 ,0.15 ,0.08 ,0.06 ,0.02 ,0.73 
23,Mexico,6.595,1.07,1.323,0.861,0.433,0.074,0.073,Americas,2019,0.16 ,0.20 ,0.13 ,0.07 ,0.01 ,0.01 ,0.58 
24,France,6.592,1.324,1.472,1.045,0.436,0.111,0.183,Europe,2019,0.20 ,0.22 ,0.16 ,0.07 ,0.02 ,0.03 ,0.69 
25,Taiwan Province of China,6.446,1.368,1.43,0.914,0.351,0.242,0.097,Asia,2019,0.21 ,0.22 ,0.14 ,0.05 ,0.04 ,0.02 ,0.68 
26,Chile,6.444,1.159,1.369,0.92,0.357,0.187,0.056,Americas,2019,0.18 ,0.21 ,0.14 ,0.06 ,0.03 ,0.01 ,0.63 
27,Guatemala,6.436,0.8,1.269,0.746,0.535,0.175,0.078,Americas,2019,0.12 ,0.20 ,0.12 ,0.08 ,0.03 ,0.01 ,0.56 
28,Saudi Arabia,6.375,1.403,1.357,0.795,0.439,0.08,0.132,Asia,2019,0.22 ,0.21 ,0.12 ,0.07 ,0.01 ,0.02 ,0.66 
29,Qatar,6.374,1.684,1.313,0.871,0.555,0.22,0.167,Asia,2019,0.26 ,0.21 ,0.14 ,0.09 ,0.03 ,0.03 ,0.75 
30,Spain,6.354,1.286,1.484,1.062,0.362,0.153,0.079,Europe,2019,0.20 ,0.23 ,0.17 ,0.06 ,0.02 ,0.01 ,0.70 
31,Panama,6.321,1.149,1.442,0.91,0.516,0.109,0.054,Americas,2019,0.18 ,0.23 ,0.14 ,0.08 ,0.02 ,0.01 ,0.66 
32,Brazil,6.3,1.004,1.439,0.802,0.39,0.099,0.086,Americas,2019,0.16 ,0.23 ,0.13 ,0.06 ,0.02 ,0.01 ,0.61 
33,Uruguay,6.293,1.124,1.465,0.891,0.523,0.127,0.15,Americas,2019,0.18 ,0.23 ,0.14 ,0.08 ,0.02 ,0.02 ,0.68 
34,Singapore,6.262,1.572,1.463,1.141,0.556,0.271,0.453,Asia,2019,0.25 ,0.23 ,0.18 ,0.09 ,0.04 ,0.07 ,0.87 
35,El Salvador,6.253,0.794,1.242,0.789,0.43,0.093,0.074,Americas,2019,0.13 ,0.20 ,0.13 ,0.07 ,0.01 ,0.01 ,0.55 
36,Italy,6.223,1.294,1.488,1.039,0.231,0.158,0.03,Europe,2019,0.21 ,0.24 ,0.17 ,0.04 ,0.03 ,0.00 ,0.68 
37,Bahrain,6.199,1.362,1.368,0.871,0.536,0.255,0.11,Asia,2019,0.22 ,0.22 ,0.14 ,0.09 ,0.04 ,0.02 ,0.73 
38,Slovakia,6.198,1.246,1.504,0.881,0.334,0.121,0.014,Europe,2019,0.20 ,0.24 ,0.14 ,0.05 ,0.02 ,0.00 ,0.66 
39,Trinidad and Tobago,6.192,1.231,1.477,0.713,0.489,0.185,0.016,Americas,2019,0.20 ,0.24 ,0.12 ,0.08 ,0.03 ,0.00 ,0.66 
40,Poland,6.182,1.206,1.438,0.884,0.483,0.117,0.05,Europe,2019,0.20 ,0.23 ,0.14 ,0.08 ,0.02 ,0.01 ,0.68 
41,Uzbekistan,6.174,0.745,1.529,0.756,0.631,0.322,0.24,Asia,2019,0.12 ,0.25 ,0.12 ,0.10 ,0.05 ,0.04 ,0.68 
42,Lithuania,6.149,1.238,1.515,0.818,0.291,0.043,0.042,Europe,2019,0.20 ,0.25 ,0.13 ,0.05 ,0.01 ,0.01 ,0.64 
43,Colombia,6.125,0.985,1.41,0.841,0.47,0.099,0.034,Americas,2019,0.16 ,0.23 ,0.14 ,0.08 ,0.02 ,0.01 ,0.63 
44,Slovenia,6.118,1.258,1.523,0.953,0.564,0.144,0.057,Europe,2019,0.21 ,0.25 ,0.16 ,0.09 ,0.02 ,0.01 ,0.74 
45,Nicaragua,6.105,0.694,1.325,0.835,0.435,0.2,0.127,Americas,2019,0.11 ,0.22 ,0.14 ,0.07 ,0.03 ,0.02 ,0.59 
46,Kosovo,6.1,0.882,1.232,0.758,0.489,0.262,0.006,Europe,2019,0.14 ,0.20 ,0.12 ,0.08 ,0.04 ,0.00 ,0.59 
47,Argentina,6.086,1.092,1.432,0.881,0.471,0.066,0.05,Americas,2019,0.18 ,0.24 ,0.14 ,0.08 ,0.01 ,0.01 ,0.66 
48,Romania,6.07,1.162,1.232,0.825,0.462,0.083,0.005,Europe,2019,0.19 ,0.20 ,0.14 ,0.08 ,0.01 ,0.00 ,0.62 
49,Cyprus,6.046,1.263,1.223,1.042,0.406,0.19,0.041,Asia,2019,0.21 ,0.20 ,0.17 ,0.07 ,0.03 ,0.01 ,0.69 
50,Ecuador,6.028,0.912,1.312,0.868,0.498,0.126,0.087,Americas,2019,0.15 ,0.22 ,0.14 ,0.08 ,0.02 ,0.01 ,0.63 
51,Kuwait,6.021,1.5,1.319,0.808,0.493,0.142,0.097,Asia,2019,0.25 ,0.22 ,0.13 ,0.08 ,0.02 ,0.02 ,0.72 
52,Thailand,6.008,1.05,1.409,0.828,0.557,0.359,0.028,Asia,2019,0.17 ,0.23 ,0.14 ,0.09 ,0.06 ,0.00 ,0.70 
53,Latvia,5.94,1.187,1.465,0.812,0.264,0.075,0.064,Europe,2019,0.20 ,0.25 ,0.14 ,0.04 ,0.01 ,0.01 ,0.65 
54,South Korea,5.895,1.301,1.219,1.036,0.159,0.175,0.056,Asia,2019,0.22 ,0.21 ,0.18 ,0.03 ,0.03 ,0.01 ,0.67 
55,Estonia,5.893,1.237,1.528,0.874,0.495,0.103,0.161,Europe,2019,0.21 ,0.26 ,0.15 ,0.08 ,0.02 ,0.03 ,0.75 
56,Jamaica,5.89,0.831,1.478,0.831,0.49,0.107,0.028,Americas,2019,0.14 ,0.25 ,0.14 ,0.08 ,0.02 ,0.00 ,0.64 
57,Mauritius,5.888,1.12,1.402,0.798,0.498,0.215,0.06,Africa,2019,0.19 ,0.24 ,0.14 ,0.08 ,0.04 ,0.01 ,0.70 
58,Japan,5.886,1.327,1.419,1.088,0.445,0.069,0.14,Asia,2019,0.23 ,0.24 ,0.18 ,0.08 ,0.01 ,0.02 ,0.76 
59,Honduras,5.86,0.642,1.236,0.828,0.507,0.246,0.078,Americas,2019,0.11 ,0.21 ,0.14 ,0.09 ,0.04 ,0.01 ,0.60 
60,Kazakhstan,5.809,1.173,1.508,0.729,0.41,0.146,0.096,Asia,2019,0.20 ,0.26 ,0.13 ,0.07 ,0.03 ,0.02 ,0.70 
61,Bolivia,5.779,0.776,1.209,0.706,0.511,0.137,0.064,Americas,2019,0.13 ,0.21 ,0.12 ,0.09 ,0.02 ,0.01 ,0.59 
62,Hungary,5.758,1.201,1.41,0.828,0.199,0.081,0.02,Europe,2019,0.21 ,0.24 ,0.14 ,0.03 ,0.01 ,0.00 ,0.65 
63,Paraguay,5.743,0.855,1.475,0.777,0.514,0.184,0.08,Americas,2019,0.15 ,0.26 ,0.14 ,0.09 ,0.03 ,0.01 ,0.68 
64,North Cyprus,5.718,1.263,1.252,1.042,0.417,0.191,0.162,Asia,2019,0.22 ,0.22 ,0.18 ,0.07 ,0.03 ,0.03 ,0.76 
65,Peru,5.697,0.96,1.274,0.854,0.455,0.083,0.027,Americas,2019,0.17 ,0.22 ,0.15 ,0.08 ,0.01 ,0.00 ,0.64 
66,Portugal,5.693,1.221,1.431,0.999,0.508,0.047,0.025,Europe,2019,0.21 ,0.25 ,0.18 ,0.09 ,0.01 ,0.00 ,0.74 
67,Pakistan,5.653,0.677,0.886,0.535,0.313,0.22,0.098,Asia,2019,0.12 ,0.16 ,0.09 ,0.06 ,0.04 ,0.02 ,0.48 
68,Russia,5.648,1.183,1.452,0.726,0.334,0.082,0.031,Europe,2019,0.21 ,0.26 ,0.13 ,0.06 ,0.01 ,0.01 ,0.67 
69,Philippines,5.631,0.807,1.293,0.657,0.558,0.117,0.107,Asia,2019,0.14 ,0.23 ,0.12 ,0.10 ,0.02 ,0.02 ,0.63 
70,Serbia,5.603,1.004,1.383,0.854,0.282,0.137,0.039,Europe,2019,0.18 ,0.25 ,0.15 ,0.05 ,0.02 ,0.01 ,0.66 
71,Moldova,5.529,0.685,1.328,0.739,0.245,0.181,0,Europe,2019,0.12 ,0.24 ,0.13 ,0.04 ,0.03 ,0.00 ,0.57 
72,Libya,5.525,1.044,1.303,0.673,0.416,0.133,0.152,Africa,2019,0.19 ,0.24 ,0.12 ,0.08 ,0.02 ,0.03 ,0.67 
73,Montenegro,5.523,1.051,1.361,0.871,0.197,0.142,0.08,Europe,2019,0.19 ,0.25 ,0.16 ,0.04 ,0.03 ,0.01 ,0.67 
74,Tajikistan,5.467,0.493,1.098,0.718,0.389,0.23,0.144,Asia,2019,0.09 ,0.20 ,0.13 ,0.07 ,0.04 ,0.03 ,0.56 
75,Croatia,5.432,1.155,1.266,0.914,0.296,0.119,0.022,Europe,2019,0.21 ,0.23 ,0.17 ,0.05 ,0.02 ,0.00 ,0.69 
76,Hong Kong S.A.R. of China,5.43,1.438,1.277,1.122,0.44,0.258,0.287,Asia,2019,0.26 ,0.24 ,0.21 ,0.08 ,0.05 ,0.05 ,0.89 
77,Dominican Republic,5.425,1.015,1.401,0.779,0.497,0.113,0.101,Americas,2019,0.19 ,0.26 ,0.14 ,0.09 ,0.02 ,0.02 ,0.72 
78,Bosnia and Herzegovina,5.386,0.945,1.212,0.845,0.212,0.263,0.006,Europe,2019,0.18 ,0.23 ,0.16 ,0.04 ,0.05 ,0.00 ,0.65 
79,Turkey,5.373,1.183,1.36,0.808,0.195,0.083,0.106,Asia,2019,0.22 ,0.25 ,0.15 ,0.04 ,0.02 ,0.02 ,0.70 
80,Malaysia,5.339,1.221,1.171,0.828,0.508,0.26,0.024,Asia,2019,0.23 ,0.22 ,0.16 ,0.10 ,0.05 ,0.00 ,0.75 
81,Belarus,5.323,1.067,1.465,0.789,0.235,0.094,0.142,Europe,2019,0.20 ,0.28 ,0.15 ,0.04 ,0.02 ,0.03 ,0.71 
82,Greece,5.287,1.181,1.156,0.999,0.067,0,0.034,Europe,2019,0.22 ,0.22 ,0.19 ,0.01 ,0.00 ,0.01 ,0.65 
83,Mongolia,5.285,0.948,1.531,0.667,0.317,0.235,0.038,Asia,2019,0.18 ,0.29 ,0.13 ,0.06 ,0.04 ,0.01 ,0.71 
84,Macedonia,5.274,0.983,1.294,0.838,0.345,0.185,0.034,Europe,2019,0.19 ,0.25 ,0.16 ,0.07 ,0.04 ,0.01 ,0.70 
85,Nigeria,5.265,0.696,1.111,0.245,0.426,0.215,0.041,Africa,2019,0.13 ,0.21 ,0.05 ,0.08 ,0.04 ,0.01 ,0.52 
86,Kyrgyzstan,5.261,0.551,1.438,0.723,0.508,0.3,0.023,Asia,2019,0.10 ,0.27 ,0.14 ,0.10 ,0.06 ,0.00 ,0.67 
87,Turkmenistan,5.247,1.052,1.538,0.657,0.394,0.244,0.028,Asia,2019,0.20 ,0.29 ,0.13 ,0.08 ,0.05 ,0.01 ,0.75 
88,Algeria,5.211,1.002,1.16,0.785,0.086,0.073,0.114,Africa,2019,0.19 ,0.22 ,0.15 ,0.02 ,0.01 ,0.02 ,0.62 
89,Morocco,5.208,0.801,0.782,0.782,0.418,0.036,0.076,Africa,2019,0.15 ,0.15 ,0.15 ,0.08 ,0.01 ,0.01 ,0.56 
90,Azerbaijan,5.208,1.043,1.147,0.769,0.351,0.035,0.182,Asia,2019,0.20 ,0.22 ,0.15 ,0.07 ,0.01 ,0.03 ,0.68 
91,Lebanon,5.197,0.987,1.224,0.815,0.216,0.166,0.027,Asia,2019,0.19 ,0.24 ,0.16 ,0.04 ,0.03 ,0.01 ,0.66 
92,Indonesia,5.192,0.931,1.203,0.66,0.491,0.498,0.028,Asia,2019,0.18 ,0.23 ,0.13 ,0.09 ,0.10 ,0.01 ,0.73 
93,China,5.191,1.029,1.125,0.893,0.521,0.058,0.1,Asia,2019,0.20 ,0.22 ,0.17 ,0.10 ,0.01 ,0.02 ,0.72 
94,Vietnam,5.175,0.741,1.346,0.851,0.543,0.147,0.073,Asia,2019,0.14 ,0.26 ,0.16 ,0.10 ,0.03 ,0.01 ,0.72 
95,Bhutan,5.082,0.813,1.321,0.604,0.457,0.37,0.167,Asia,2019,0.16 ,0.26 ,0.12 ,0.09 ,0.07 ,0.03 ,0.73 
96,Cameroon,5.044,0.549,0.91,0.331,0.381,0.187,0.037,Africa,2019,0.11 ,0.18 ,0.07 ,0.08 ,0.04 ,0.01 ,0.47 
97,Bulgaria,5.011,1.092,1.513,0.815,0.311,0.081,0.004,Europe,2019,0.22 ,0.30 ,0.16 ,0.06 ,0.02 ,0.00 ,0.76 
98,Ghana,4.996,0.611,0.868,0.486,0.381,0.245,0.04,Africa,2019,0.12 ,0.17 ,0.10 ,0.08 ,0.05 ,0.01 ,0.53 
99,Ivory Coast,4.944,0.569,0.808,0.232,0.352,0.154,0.09,Africa,2019,0.12 ,0.16 ,0.05 ,0.07 ,0.03 ,0.02 ,0.45 
100,Nepal,4.913,0.446,1.226,0.677,0.439,0.285,0.089,Asia,2019,0.09 ,0.25 ,0.14 ,0.09 ,0.06 ,0.02 ,0.64 
101,Jordan,4.906,0.837,1.225,0.815,0.383,0.11,0.13,Asia,2019,0.17 ,0.25 ,0.17 ,0.08 ,0.02 ,0.03 ,0.71 
102,Benin,4.883,0.393,0.437,0.397,0.349,0.175,0.082,Africa,2019,0.08 ,0.09 ,0.08 ,0.07 ,0.04 ,0.02 ,0.38 
103,Congo (Brazzaville),4.812,0.673,0.799,0.508,0.372,0.105,0.093,Africa,2019,0.14 ,0.17 ,0.11 ,0.08 ,0.02 ,0.02 ,0.53 
104,Gabon,4.799,1.057,1.183,0.571,0.295,0.043,0.055,Africa,2019,0.22 ,0.25 ,0.12 ,0.06 ,0.01 ,0.01 ,0.67 
105,Laos,4.796,0.764,1.03,0.551,0.547,0.266,0.164,Asia,2019,0.16 ,0.21 ,0.11 ,0.11 ,0.06 ,0.03 ,0.69 
106,South Africa,4.722,0.96,1.351,0.469,0.389,0.13,0.055,Africa,2019,0.20 ,0.29 ,0.10 ,0.08 ,0.03 ,0.01 ,0.71 
107,Albania,4.719,0.947,0.848,0.874,0.383,0.178,0.027,Europe,2019,0.20 ,0.18 ,0.19 ,0.08 ,0.04 ,0.01 ,0.69 
108,Venezuela,4.707,0.96,1.427,0.805,0.154,0.064,0.047,Americas,2019,0.20 ,0.30 ,0.17 ,0.03 ,0.01 ,0.01 ,0.73 
109,Cambodia,4.7,0.574,1.122,0.637,0.609,0.232,0.062,Asia,2019,0.12 ,0.24 ,0.14 ,0.13 ,0.05 ,0.01 ,0.69 
110,Palestinian Territories,4.696,0.657,1.247,0.672,0.225,0.103,0.066,Asia,2019,0.14 ,0.27 ,0.14 ,0.05 ,0.02 ,0.01 ,0.63 
111,Senegal,4.681,0.45,1.134,0.571,0.292,0.153,0.072,Africa,2019,0.10 ,0.24 ,0.12 ,0.06 ,0.03 ,0.02 ,0.57 
112,Somalia,4.668,0,0.698,0.268,0.559,0.243,0.27,Africa,2019,0.00 ,0.15 ,0.06 ,0.12 ,0.05 ,0.06 ,0.44 
113,Namibia,4.639,0.879,1.313,0.477,0.401,0.07,0.056,Africa,2019,0.19 ,0.28 ,0.10 ,0.09 ,0.02 ,0.01 ,0.69 
114,Niger,4.628,0.138,0.774,0.366,0.318,0.188,0.102,Africa,2019,0.03 ,0.17 ,0.08 ,0.07 ,0.04 ,0.02 ,0.41 
115,Burkina Faso,4.587,0.331,1.056,0.38,0.255,0.177,0.113,Africa,2019,0.07 ,0.23 ,0.08 ,0.06 ,0.04 ,0.02 ,0.50 
116,Armenia,4.559,0.85,1.055,0.815,0.283,0.095,0.064,Asia,2019,0.19 ,0.23 ,0.18 ,0.06 ,0.02 ,0.01 ,0.69 
117,Iran,4.548,1.1,0.842,0.785,0.305,0.27,0.125,Asia,2019,0.24 ,0.19 ,0.17 ,0.07 ,0.06 ,0.03 ,0.75 
118,Guinea,4.534,0.38,0.829,0.375,0.332,0.207,0.086,Africa,2019,0.08 ,0.18 ,0.08 ,0.07 ,0.05 ,0.02 ,0.49 
119,Georgia,4.519,0.886,0.666,0.752,0.346,0.043,0.164,Asia,2019,0.20 ,0.15 ,0.17 ,0.08 ,0.01 ,0.04 ,0.63 
120,Gambia,4.516,0.308,0.939,0.428,0.382,0.269,0.167,Africa,2019,0.07 ,0.21 ,0.09 ,0.08 ,0.06 ,0.04 ,0.55 
121,Kenya,4.509,0.512,0.983,0.581,0.431,0.372,0.053,Africa,2019,0.11 ,0.22 ,0.13 ,0.10 ,0.08 ,0.01 ,0.65 
122,Mauritania,4.49,0.57,1.167,0.489,0.066,0.106,0.088,Africa,2019,0.13 ,0.26 ,0.11 ,0.01 ,0.02 ,0.02 ,0.55 
123,Mozambique,4.466,0.204,0.986,0.39,0.494,0.197,0.138,Africa,2019,0.05 ,0.22 ,0.09 ,0.11 ,0.04 ,0.03 ,0.54 
124,Tunisia,4.461,0.921,1,0.815,0.167,0.059,0.055,Africa,2019,0.21 ,0.22 ,0.18 ,0.04 ,0.01 ,0.01 ,0.68 
125,Bangladesh,4.456,0.562,0.928,0.723,0.527,0.166,0.143,Asia,2019,0.13 ,0.21 ,0.16 ,0.12 ,0.04 ,0.03 ,0.68 
126,Iraq,4.437,1.043,0.98,0.574,0.241,0.148,0.089,Asia,2019,0.24 ,0.22 ,0.13 ,0.05 ,0.03 ,0.02 ,0.69 
127,Congo (Kinshasa),4.418,0.094,1.125,0.357,0.269,0.212,0.053,Africa,2019,0.02 ,0.25 ,0.08 ,0.06 ,0.05 ,0.01 ,0.48 
128,Mali,4.39,0.385,1.105,0.308,0.327,0.153,0.052,Africa,2019,0.09 ,0.25 ,0.07 ,0.07 ,0.03 ,0.01 ,0.53 
129,Sierra Leone,4.374,0.268,0.841,0.242,0.309,0.252,0.045,Africa,2019,0.06 ,0.19 ,0.06 ,0.07 ,0.06 ,0.01 ,0.45 
130,Sri Lanka,4.366,0.949,1.265,0.831,0.47,0.244,0.047,Asia,2019,0.22 ,0.29 ,0.19 ,0.11 ,0.06 ,0.01 ,0.87 
131,Myanmar,4.36,0.71,1.181,0.555,0.525,0.566,0.172,Asia,2019,0.16 ,0.27 ,0.13 ,0.12 ,0.13 ,0.04 ,0.85 
132,Chad,4.35,0.35,0.766,0.192,0.174,0.198,0.078,Africa,2019,0.08 ,0.18 ,0.04 ,0.04 ,0.05 ,0.02 ,0.40 
133,Ukraine,4.332,0.82,1.39,0.739,0.178,0.187,0.01,Europe,2019,0.19 ,0.32 ,0.17 ,0.04 ,0.04 ,0.00 ,0.77 
134,Ethiopia,4.286,0.336,1.033,0.532,0.344,0.209,0.1,Africa,2019,0.08 ,0.24 ,0.12 ,0.08 ,0.05 ,0.02 ,0.60 
135,Swaziland,4.212,0.811,1.149,0,0.313,0.074,0.135,Africa,2019,0.19 ,0.27 ,0.00 ,0.07 ,0.02 ,0.03 ,0.59 
136,Uganda,4.189,0.332,1.069,0.443,0.356,0.252,0.06,Africa,2019,0.08 ,0.26 ,0.11 ,0.08 ,0.06 ,0.01 ,0.60 
137,Egypt,4.166,0.913,1.039,0.644,0.241,0.076,0.067,Africa,2019,0.22 ,0.25 ,0.15 ,0.06 ,0.02 ,0.02 ,0.72 
138,Zambia,4.107,0.578,1.058,0.426,0.431,0.247,0.087,Africa,2019,0.14 ,0.26 ,0.10 ,0.10 ,0.06 ,0.02 ,0.69 
139,Togo,4.085,0.275,0.572,0.41,0.293,0.177,0.085,Africa,2019,0.07 ,0.14 ,0.10 ,0.07 ,0.04 ,0.02 ,0.44 
140,India,4.015,0.755,0.765,0.588,0.498,0.2,0.085,Asia,2019,0.19 ,0.19 ,0.15 ,0.12 ,0.05 ,0.02 ,0.72 
141,Liberia,3.975,0.073,0.922,0.443,0.37,0.233,0.033,Africa,2019,0.02 ,0.23 ,0.11 ,0.09 ,0.06 ,0.01 ,0.52 
142,Comoros,3.973,0.274,0.757,0.505,0.142,0.275,0.078,Africa,2019,0.07 ,0.19 ,0.13 ,0.04 ,0.07 ,0.02 ,0.51 
143,Madagascar,3.933,0.274,0.916,0.555,0.148,0.169,0.041,Africa,2019,0.07 ,0.23 ,0.14 ,0.04 ,0.04 ,0.01 ,0.53 
144,Lesotho,3.802,0.489,1.169,0.168,0.359,0.107,0.093,Africa,2019,0.13 ,0.31 ,0.04 ,0.09 ,0.03 ,0.02 ,0.63 
145,Burundi,3.775,0.046,0.447,0.38,0.22,0.176,0.18,Africa,2019,0.01 ,0.12 ,0.10 ,0.06 ,0.05 ,0.05 ,0.38 
146,Zimbabwe,3.663,0.366,1.114,0.433,0.361,0.151,0.089,Africa,2019,0.10 ,0.30 ,0.12 ,0.10 ,0.04 ,0.02 ,0.69 
147,Haiti,3.597,0.323,0.688,0.449,0.026,0.419,0.11,Americas,2019,0.09 ,0.19 ,0.12 ,0.01 ,0.12 ,0.03 ,0.56 
148,Botswana,3.488,1.041,1.145,0.538,0.455,0.025,0.1,Africa,2019,0.30 ,0.33 ,0.15 ,0.13 ,0.01 ,0.03 ,0.95 
149,Syria,3.462,0.619,0.378,0.44,0.013,0.331,0.141,Asia,2019,0.18 ,0.11 ,0.13 ,0.00 ,0.10 ,0.04 ,0.56 
150,Malawi,3.41,0.191,0.56,0.495,0.443,0.218,0.089,Africa,2019,0.06 ,0.16 ,0.15 ,0.13 ,0.06 ,0.03 ,0.59 
151,Yemen,3.38,0.287,1.163,0.463,0.143,0.108,0.077,Asia,2019,0.08 ,0.34 ,0.14 ,0.04 ,0.03 ,0.02 ,0.66 
152,Rwanda,3.334,0.359,0.711,0.614,0.555,0.217,0.411,Africa,2019,0.11 ,0.21 ,0.18 ,0.17 ,0.07 ,0.12 ,0.86 
153,Tanzania,3.231,0.476,0.885,0.499,0.417,0.276,0.147,Africa,2019,0.15 ,0.27 ,0.15 ,0.13 ,0.09 ,0.05 ,0.84 
154,Afghanistan,3.203,0.35,0.517,0.361,0,0.158,0.025,Asia,2019,0.11 ,0.16 ,0.11 ,0.00 ,0.05 ,0.01 ,0.44 
155,Central African Republic,3.083,0.026,0,0.105,0.225,0.235,0.035,Africa,2019,0.01 ,0.00 ,0.03 ,0.07 ,0.08 ,0.01 ,0.20 
156,South Sudan,2.853,0.306,0.575,0.295,0.01,0.202,0.091,Africa,2019,0.11 ,0.20 ,0.10 ,0.00 ,0.07 ,0.03 ,0.52 